date,ticker,weight,predicted_score
2025-04-03,SWKS,0.1,0.066080496
2025-04-03,FDX,0.1,0.061228797
2025-04-03,MU,0.1,0.055152927
2025-04-03,VTRS,0.1,0.04910183
2025-04-03,AES,0.1,0.048021853
2025-04-03,NKE,0.1,0.04306434
2025-04-03,INTC,0.1,0.039635524
2025-04-03,FCX,0.1,0.039429016
2025-04-03,UPS,0.1,0.03764329
2025-04-03,TPL,0.1,0.037082944
2025-04-04,LUV,0.1,0.042603217
2025-04-04,BA,0.1,0.03791195
2025-04-04,PWR,0.1,0.035711605
2025-04-04,AVGO,0.1,0.03442751
2025-04-04,MOS,0.1,0.033711836
2025-04-04,INTC,0.1,0.03314911
2025-04-04,COP,0.1,0.03233279
2025-04-04,HRL,0.1,0.027270406
2025-04-04,ALB,0.1,0.023850363
2025-04-04,PSX,0.1,0.023204919
2025-04-07,VST,0.1,0.10553702
2025-04-07,FIX,0.1,0.091044255
2025-04-07,NVDA,0.1,0.08641395
2025-04-07,PWR,0.1,0.08114787
2025-04-07,JBL,0.1,0.07730385
2025-04-07,TSLA,0.1,0.068428524
2025-04-07,APH,0.1,0.06732407
2025-04-07,ON,0.1,0.06646758
2025-04-07,ARES,0.1,0.06572633
2025-04-07,IRM,0.1,0.06541922
2025-04-08,XYZ,0.1,0.10390729
2025-04-08,HPE,0.1,0.0948291
2025-04-08,BX,0.1,0.090383485
2025-04-08,APO,0.1,0.08806442
2025-04-08,KKR,0.1,0.08083737
2025-04-08,CVNA,0.1,0.078117445
2025-04-08,CRM,0.1,0.07740316
2025-04-08,NOW,0.1,0.073122874
2025-04-08,LUV,0.1,0.072564125
2025-04-08,ALGN,0.1,0.072382554
2025-04-09,WST,0.1,0.1011015
2025-04-09,MS,0.1,0.0630607
2025-04-09,DXCM,0.1,0.06272221
2025-04-09,NOW,0.1,0.05998771
2025-04-09,TSLA,0.1,0.054983437
2025-04-09,DAL,0.1,0.05199103
2025-04-09,APO,0.1,0.051396005
2025-04-09,ALB,0.1,0.050267436
2025-04-09,UAL,0.1,0.0499129
2025-04-09,COF,0.1,0.048902515
2025-04-10,NCLH,0.1,0.1001596
2025-04-10,CCL,0.1,0.09584104
2025-04-10,LULU,0.1,0.091711625
2025-04-10,SWKS,0.1,0.089423776
2025-04-10,RCL,0.1,0.078112885
2025-04-10,ON,0.1,0.07798805
2025-04-10,ULTA,0.1,0.077906206
2025-04-10,NOW,0.1,0.071219005
2025-04-10,WSM,0.1,0.062355362
2025-04-10,DECK,0.1,0.061723873
2025-04-11,UAL,0.1,0.08382855
2025-04-11,HPE,0.1,0.06142439
2025-04-11,TSLA,0.1,0.053917065
2025-04-11,DAL,0.1,0.04841423
2025-04-11,ZBRA,0.1,0.0480984
2025-04-11,BLK,0.1,0.044723034
2025-04-11,WRB,0.1,0.043438714
2025-04-11,APO,0.1,0.042960554
2025-04-11,ULTA,0.1,0.041029274
2025-04-11,BLDR,0.1,0.0402376
2025-04-14,LUV,0.1,0.058290258
2025-04-14,COO,0.1,0.03944429
2025-04-14,JBL,0.1,0.03936626
2025-04-14,BA,0.1,0.036879122
2025-04-14,SRE,0.1,0.034281924
2025-04-14,CCL,0.1,0.032706644
2025-04-14,C,0.1,0.031866282
2025-04-14,DRI,0.1,0.0313911
2025-04-14,IBKR,0.1,0.03122709
2025-04-14,ISRG,0.1,0.029930461
2025-04-15,TSLA,0.1,0.118252374
2025-04-15,BBY,0.1,0.048571795
2025-04-15,DLTR,0.1,0.044342913
2025-04-15,APH,0.1,0.038700335
2025-04-15,WRB,0.1,0.037693433
2025-04-15,HOLX,0.1,0.0368703
2025-04-15,DRI,0.1,0.035311855
2025-04-15,WST,0.1,0.034121767
2025-04-15,STZ,0.1,0.034117278
2025-04-15,MOS,0.1,0.03341993
2025-04-16,TGT,0.1,0.06617996
2025-04-16,DLTR,0.1,0.061109312
2025-04-16,BBY,0.1,0.050570734
2025-04-16,CVNA,0.1,0.047252513
2025-04-16,HPE,0.1,0.0471267
2025-04-16,FANG,0.1,0.0452809
2025-04-16,GRMN,0.1,0.04316249
2025-04-16,ZBRA,0.1,0.042303905
2025-04-16,CF,0.1,0.040657826
2025-04-16,PNC,0.1,0.039897785
2025-04-17,FSLR,0.1,0.08226222
2025-04-17,CVNA,0.1,0.076903746
2025-04-17,CMG,0.1,0.06836149
2025-04-17,TSLA,0.1,0.06549066
2025-04-17,TTD,0.1,0.06517425
2025-04-17,INCY,0.1,0.04878909
2025-04-17,WST,0.1,0.042907536
2025-04-17,ULTA,0.1,0.0418419
2025-04-17,ISRG,0.1,0.041803274
2025-04-17,AKAM,0.1,0.03962332
2025-04-21,DECK,0.1,0.055589274
2025-04-21,TSLA,0.1,0.0512261
2025-04-21,TGT,0.1,0.04824736
2025-04-21,SW,0.1,0.04628261
2025-04-21,CMG,0.1,0.045607254
2025-04-21,ARES,0.1,0.045423053
2025-04-21,CIEN,0.1,0.0437416
2025-04-21,CVNA,0.1,0.04043056
2025-04-21,IBKR,0.1,0.04023607
2025-04-21,TTD,0.1,0.040152997
2025-04-22,TXN,0.1,0.035884388
2025-04-22,ON,0.1,0.032148477
2025-04-22,LUV,0.1,0.031613242
2025-04-22,AIG,0.1,0.025623469
2025-04-22,TSLA,0.1,0.025470406
2025-04-22,GIS,0.1,0.025443075
2025-04-22,APTV,0.1,0.025183523
2025-04-22,CPT,0.1,0.025142536
2025-04-22,MAA,0.1,0.024369383
2025-04-22,DLTR,0.1,0.023826417
2025-04-23,WRB,0.1,0.052185234
2025-04-23,HUM,0.1,0.043236405
2025-04-23,LW,0.1,0.039190713
2025-04-23,CNC,0.1,0.03669583
2025-04-23,JNJ,0.1,0.03458596
2025-04-23,HCA,0.1,0.033495452
2025-04-23,PSA,0.1,0.03119094
2025-04-23,MRSH,0.1,0.030915827
2025-04-23,ZBH,0.1,0.030742742
2025-04-23,VRSN,0.1,0.030568644
2025-04-24,CRL,0.1,0.056991138
2025-04-24,LULU,0.1,0.046362497
2025-04-24,VTRS,0.1,0.043100473
2025-04-24,DECK,0.1,0.041134838
2025-04-24,SWKS,0.1,0.040979855
2025-04-24,HPE,0.1,0.038766712
2025-04-24,LVS,0.1,0.03858717
2025-04-24,NKE,0.1,0.036394857
2025-04-24,ZBRA,0.1,0.036224272
2025-04-24,TER,0.1,0.035115514
2025-04-25,UNH,0.1,0.04360341
2025-04-25,DLTR,0.1,0.0379209
2025-04-25,ODFL,0.1,0.03755313
2025-04-25,TXN,0.1,0.03579466
2025-04-25,ANET,0.1,0.028948985
2025-04-25,ACN,0.1,0.02862408
2025-04-25,MOH,0.1,0.02755659
2025-04-25,HUM,0.1,0.026141115
2025-04-25,DVA,0.1,0.024703477
2025-04-25,ELV,0.1,0.024687026
2025-04-28,HUM,0.1,0.054503158
2025-04-28,UNH,0.1,0.046267875
2025-04-28,LW,0.1,0.040955592
2025-04-28,DVA,0.1,0.03660057
2025-04-28,NEM,0.1,0.035424124
2025-04-28,GM,0.1,0.033643663
2025-04-28,HII,0.1,0.029985778
2025-04-28,CMG,0.1,0.028989695
2025-04-28,CVS,0.1,0.028060041
2025-04-28,CNC,0.1,0.02757733
2025-04-29,TSLA,0.1,0.050822154
2025-04-29,BBY,0.1,0.044572193
2025-04-29,BX,0.1,0.043083534
2025-04-29,ORCL,0.1,0.03616238
2025-04-29,GOOGL,0.1,0.032505233
2025-04-29,INTC,0.1,0.032273203
2025-04-29,IBKR,0.1,0.029195048
2025-04-29,LW,0.1,0.027245797
2025-04-29,ALGN,0.1,0.026872516
2025-04-29,DECK,0.1,0.026461773
2025-04-30,NVDA,0.1,0.09139682
2025-04-30,AVGO,0.1,0.07569291
2025-04-30,SMCI,0.1,0.04121704
2025-04-30,KLAC,0.1,0.04080694
2025-04-30,AMD,0.1,0.038971253
2025-04-30,LII,0.1,0.03651377
2025-04-30,DG,0.1,0.036102377
2025-04-30,ODFL,0.1,0.03547729
2025-04-30,LRCX,0.1,0.033338252
2025-04-30,ETN,0.1,0.033288725
2025-05-01,GPN,0.1,0.060941227
2025-05-01,UNH,0.1,0.056993823
2025-05-01,HUM,0.1,0.051727317
2025-05-01,MRSH,0.1,0.04791622
2025-05-01,ELV,0.1,0.04405406
2025-05-01,FIX,0.1,0.043258622
2025-05-01,FISV,0.1,0.042110905
2025-05-01,SNA,0.1,0.035001706
2025-05-01,TMO,0.1,0.033907905
2025-05-01,NEM,0.1,0.03238873
2025-05-02,SMCI,0.1,0.08967326
2025-05-02,APO,0.1,0.07971828
2025-05-02,BX,0.1,0.0776745
2025-05-02,KKR,0.1,0.073770404
2025-05-02,ARES,0.1,0.06575806
2025-05-02,ALGN,0.1,0.065042496
2025-05-02,VST,0.1,0.06347516
2025-05-02,FIX,0.1,0.05774121
2025-05-02,LW,0.1,0.0539314
2025-05-02,TSLA,0.1,0.05307164
2025-05-05,HUM,0.1,0.046604186
2025-05-05,UNH,0.1,0.04299463
2025-05-05,NEM,0.1,0.03932627
2025-05-05,RTX,0.1,0.03701689
2025-05-05,NOC,0.1,0.030035961
2025-05-05,HAL,0.1,0.027686246
2025-05-05,DOC,0.1,0.027636375
2025-05-05,DG,0.1,0.027302638
2025-05-05,HII,0.1,0.026875831
2025-05-05,CF,0.1,0.024360267
2025-05-06,NEM,0.1,0.030572094
2025-05-06,LLY,0.1,0.028506536
2025-05-06,HPE,0.1,0.02601061
2025-05-06,MAS,0.1,0.024454828
2025-05-06,DLTR,0.1,0.021604428
2025-05-06,MOS,0.1,0.019346656
2025-05-06,LII,0.1,0.019008983
2025-05-06,BG,0.1,0.018861078
2025-05-06,BKR,0.1,0.018560052
2025-05-06,HSY,0.1,0.018528836
2025-05-07,NCLH,0.1,0.10001258
2025-05-07,UAL,0.1,0.08569751
2025-05-07,CCL,0.1,0.08132636
2025-05-07,CVNA,0.1,0.07527095
2025-05-07,KKR,0.1,0.06971575
2025-05-07,IBKR,0.1,0.069622904
2025-05-07,WDC,0.1,0.0691356
2025-05-07,DELL,0.1,0.068515755
2025-05-07,SBUX,0.1,0.06760685
2025-05-07,FISV,0.1,0.06630898
2025-05-08,INTC,0.1,0.052863587
2025-05-08,TMUS,0.1,0.051092226
2025-05-08,ERIE,0.1,0.049542762
2025-05-08,AON,0.1,0.04471489
2025-05-08,WDC,0.1,0.036855444
2025-05-08,DOC,0.1,0.03554839
2025-05-08,NEM,0.1,0.035006944
2025-05-08,NOW,0.1,0.034850586
2025-05-08,EFX,0.1,0.034189824
2025-05-08,HPE,0.1,0.034050602
2025-05-09,EL,0.1,0.0841158
2025-05-09,HPE,0.1,0.07067907
2025-05-09,BBY,0.1,0.06948791
2025-05-09,ZBRA,0.1,0.066945866
2025-05-09,RL,0.1,0.06523574
2025-05-09,XYZ,0.1,0.061135143
2025-05-09,UAL,0.1,0.06077531
2025-05-09,TSLA,0.1,0.059854977
2025-05-09,ARES,0.1,0.059527613
2025-05-09,VST,0.1,0.059003145
2025-05-12,REGN,0.1,0.05734156
2025-05-12,XYZ,0.1,0.0532972
2025-05-12,TPL,0.1,0.04927572
2025-05-12,ARE,0.1,0.04202257
2025-05-12,BRO,0.1,0.04082918
2025-05-12,CF,0.1,0.039087348
2025-05-12,NOW,0.1,0.0378241
2025-05-12,DXCM,0.1,0.035820425
2025-05-12,COO,0.1,0.034826674
2025-05-12,COF,0.1,0.034545187
2025-05-13,SBUX,0.1,0.061913
2025-05-13,LLY,0.1,0.054284528
2025-05-13,GRMN,0.1,0.05331146
2025-05-13,FSLR,0.1,0.048445746
2025-05-13,CRL,0.1,0.044800423
2025-05-13,TRGP,0.1,0.040713757
2025-05-13,UAL,0.1,0.040033825
2025-05-13,AKAM,0.1,0.03709336
2025-05-13,IP,0.1,0.036230903
2025-05-13,HAL,0.1,0.036160268
2025-05-14,WST,0.1,0.0709523
2025-05-14,BDX,0.1,0.06841999
2025-05-14,LLY,0.1,0.062688984
2025-05-14,WAT,0.1,0.043681987
2025-05-14,APTV,0.1,0.042478167
2025-05-14,CRL,0.1,0.040825203
2025-05-14,A,0.1,0.037878715
2025-05-14,BAX,0.1,0.036859866
2025-05-14,BLDR,0.1,0.035847064
2025-05-14,IQV,0.1,0.03488963
2025-05-15,XYZ,0.1,0.05607216
2025-05-15,GDDY,0.1,0.051523145
2025-05-15,TTD,0.1,0.047025803
2025-05-15,MSI,0.1,0.027795143
2025-05-15,NFLX,0.1,0.025824916
2025-05-15,COO,0.1,0.025301483
2025-05-15,FIS,0.1,0.024931772
2025-05-15,ANET,0.1,0.024357012
2025-05-15,EFX,0.1,0.024128374
2025-05-15,BSX,0.1,0.023915127
2025-05-16,ON,0.1,0.06187681
2025-05-16,ZBRA,0.1,0.0563721
2025-05-16,WBD,0.1,0.055976294
2025-05-16,HAS,0.1,0.055657756
2025-05-16,WSM,0.1,0.055538356
2025-05-16,MCHP,0.1,0.054859553
2025-05-16,CRL,0.1,0.05237548
2025-05-16,LLY,0.1,0.045252956
2025-05-16,VTRS,0.1,0.04456921
2025-05-16,APA,0.1,0.0413549
2025-05-19,REGN,0.1,0.056075446
2025-05-19,EXPD,0.1,0.03331194
2025-05-19,WST,0.1,0.02959073
2025-05-19,J,0.1,0.028284118
2025-05-19,BBY,0.1,0.027587797
2025-05-19,CLX,0.1,0.027198046
2025-05-19,MRK,0.1,0.025809186
2025-05-19,VRTX,0.1,0.02507935
2025-05-19,EL,0.1,0.024915788
2025-05-19,ABBV,0.1,0.024780989
2025-05-20,SMCI,0.1,0.048456654
2025-05-20,GOOGL,0.1,0.04180232
2025-05-20,ANET,0.1,0.038575966
2025-05-20,VST,0.1,0.02614382
2025-05-20,AMAT,0.1,0.023862794
2025-05-20,CVNA,0.1,0.023784526
2025-05-20,UNH,0.1,0.023349622
2025-05-20,MSFT,0.1,0.022539446
2025-05-20,EME,0.1,0.022394989
2025-05-20,AKAM,0.1,0.021810785
2025-05-21,ABBV,0.1,0.040963534
2025-05-21,REGN,0.1,0.0383348
2025-05-21,FTNT,0.1,0.037423957
2025-05-21,HAS,0.1,0.03157731
2025-05-21,CRL,0.1,0.030840635
2025-05-21,IRM,0.1,0.029086888
2025-05-21,BMY,0.1,0.028669171
2025-05-21,TAP,0.1,0.028638836
2025-05-21,NOW,0.1,0.02780953
2025-05-21,MTD,0.1,0.026912495
2025-05-22,AKAM,0.1,0.04440622
2025-05-22,CHTR,0.1,0.038604423
2025-05-22,ANET,0.1,0.0383376
2025-05-22,VST,0.1,0.03430371
2025-05-22,EXPE,0.1,0.03198037
2025-05-22,UNH,0.1,0.03163153
2025-05-22,TT,0.1,0.030870613
2025-05-22,FIX,0.1,0.029483262
2025-05-22,IRM,0.1,0.02688368
2025-05-22,WDC,0.1,0.025393747
2025-05-23,PODD,0.1,0.040436365
2025-05-23,CRL,0.1,0.026722647
2025-05-23,STX,0.1,0.02593592
2025-05-23,EQT,0.1,0.025307495
2025-05-23,GPN,0.1,0.024414305
2025-05-23,MU,0.1,0.02361338
2025-05-23,CME,0.1,0.02228708
2025-05-23,CBOE,0.1,0.021754328
2025-05-23,HWM,0.1,0.020470124
2025-05-23,RCL,0.1,0.020431988
2025-05-27,CRL,0.1,0.069431596
2025-05-27,IQV,0.1,0.052369945
2025-05-27,UNH,0.1,0.045396082
2025-05-27,VTRS,0.1,0.040877424
2025-05-27,EPAM,0.1,0.035100926
2025-05-27,GEN,0.1,0.034006376
2025-05-27,HUM,0.1,0.033857383
2025-05-27,CHTR,0.1,0.03368587
2025-05-27,PWR,0.1,0.033383463
2025-05-27,WAT,0.1,0.03292433
2025-05-28,INTC,0.1,0.06568708
2025-05-28,AES,0.1,0.050485086
2025-05-28,DAL,0.1,0.048825957
2025-05-28,CDW,0.1,0.038063027
2025-05-28,HSIC,0.1,0.035914283
2025-05-28,ANET,0.1,0.03586237
2025-05-28,TTD,0.1,0.033587854
2025-05-28,DXCM,0.1,0.03245849
2025-05-28,PWR,0.1,0.03144401
2025-05-28,LUV,0.1,0.031397644
2025-05-29,FISV,0.1,0.07044539
2025-05-29,DECK,0.1,0.066534504
2025-05-29,TTD,0.1,0.06303721
2025-05-29,BBY,0.1,0.044754565
2025-05-29,TER,0.1,0.044488177
2025-05-29,NKE,0.1,0.041191116
2025-05-29,LULU,0.1,0.04101957
2025-05-29,SWKS,0.1,0.04024371
2025-05-29,SWK,0.1,0.039552484
2025-05-29,UAL,0.1,0.039302096
2025-05-30,AES,0.1,0.05570366
2025-05-30,AMAT,0.1,0.052541148
2025-05-30,ACN,0.1,0.04223852
2025-05-30,VLO,0.1,0.041275956
2025-05-30,WSM,0.1,0.041237585
2025-05-30,ALB,0.1,0.04114183
2025-05-30,PSX,0.1,0.039862625
2025-05-30,EXPE,0.1,0.039019365
2025-05-30,COP,0.1,0.03890266
2025-05-30,SBUX,0.1,0.038180154
2025-06-02,NCLH,0.1,0.07035723
2025-06-02,SMCI,0.1,0.07033479
2025-06-02,AES,0.1,0.06604235
2025-06-02,CRL,0.1,0.057357185
2025-06-02,AMD,0.1,0.049730152
2025-06-02,CCL,0.1,0.047152862
2025-06-02,EXPE,0.1,0.04575094
2025-06-02,SWK,0.1,0.04543636
2025-06-02,APA,0.1,0.040770207
2025-06-02,UAL,0.1,0.03934419
2025-06-03,FICO,0.1,0.06567055
2025-06-03,NCLH,0.1,0.040662255
2025-06-03,TTD,0.1,0.03796462
2025-06-03,CCL,0.1,0.03729277
2025-06-03,SMCI,0.1,0.03309392
2025-06-03,DECK,0.1,0.031493485
2025-06-03,DXCM,0.1,0.029485788
2025-06-03,UAL,0.1,0.028501421
2025-06-03,DAL,0.1,0.02839017
2025-06-03,EXPE,0.1,0.028267499
2025-06-04,FSLR,0.1,0.056023665
2025-06-04,TTD,0.1,0.052225582
2025-06-04,DECK,0.1,0.049342103
2025-06-04,PSX,0.1,0.045829795
2025-06-04,BLDR,0.1,0.043387353
2025-06-04,TGT,0.1,0.039845638
2025-06-04,SWK,0.1,0.039448835
2025-06-04,HOLX,0.1,0.039254174
2025-06-04,A,0.1,0.034984287
2025-06-04,AES,0.1,0.03401365
2025-06-05,SMCI,0.1,0.07625265
2025-06-05,WSM,0.1,0.060975358
2025-06-05,HPQ,0.1,0.052675392
2025-06-05,NEE,0.1,0.052320726
2025-06-05,FSLR,0.1,0.049716666
2025-06-05,XYZ,0.1,0.046943232
2025-06-05,APA,0.1,0.04505661
2025-06-05,IP,0.1,0.042280808
2025-06-05,FANG,0.1,0.04214646
2025-06-05,OXY,0.1,0.04097305
2025-06-06,DECK,0.1,0.063748814
2025-06-06,CRL,0.1,0.06339291
2025-06-06,HPQ,0.1,0.061084762
2025-06-06,BBY,0.1,0.057375815
2025-06-06,TTD,0.1,0.057181068
2025-06-06,WDAY,0.1,0.0528272
2025-06-06,MCHP,0.1,0.048478708
2025-06-06,NUE,0.1,0.046784468
2025-06-06,APA,0.1,0.04624658
2025-06-06,WBD,0.1,0.045254875
2025-06-09,REGN,0.1,0.05773268
2025-06-09,NRG,0.1,0.035564173
2025-06-09,TTD,0.1,0.030272976
2025-06-09,PSX,0.1,0.029621005
2025-06-09,TPL,0.1,0.029552273
2025-06-09,GILD,0.1,0.026705079
2025-06-09,CTRA,0.1,0.02669362
2025-06-09,CHRW,0.1,0.026148852
2025-06-09,TSLA,0.1,0.02590249
2025-06-09,FSLR,0.1,0.024870213
2025-06-10,REGN,0.1,0.06112224
2025-06-10,GOOGL,0.1,0.03982843
2025-06-10,SNPS,0.1,0.03651355
2025-06-10,CDNS,0.1,0.035310976
2025-06-10,COO,0.1,0.034156207
2025-06-10,SMCI,0.1,0.033373527
2025-06-10,AOS,0.1,0.031599503
2025-06-10,IP,0.1,0.030048385
2025-06-10,IFF,0.1,0.029994424
2025-06-10,SW,0.1,0.028225683
2025-06-11,BBY,0.1,0.07270892
2025-06-11,HPQ,0.1,0.06801677
2025-06-11,REGN,0.1,0.060659356
2025-06-11,FDS,0.1,0.045761004
2025-06-11,MTCH,0.1,0.044676125
2025-06-11,LYV,0.1,0.04214055
2025-06-11,INCY,0.1,0.04002629
2025-06-11,AZO,0.1,0.038999416
2025-06-11,TGT,0.1,0.035283055
2025-06-11,HAS,0.1,0.034821834
2025-06-12,REGN,0.1,0.08871551
2025-06-12,TSLA,0.1,0.048632354
2025-06-12,SMCI,0.1,0.046964884
2025-06-12,COO,0.1,0.046604577
2025-06-12,INCY,0.1,0.037735764
2025-06-12,EIX,0.1,0.03453266
2025-06-12,BF-B,0.1,0.029751867
2025-06-12,AWK,0.1,0.025358425
2025-06-12,LNT,0.1,0.025245693
2025-06-12,LUV,0.1,0.024826452
2025-06-13,HUM,0.1,0.06221354
2025-06-13,GILD,0.1,0.0469039
2025-06-13,BDX,0.1,0.039068118
2025-06-13,KMB,0.1,0.034600914
2025-06-13,ELV,0.1,0.034417234
2025-06-13,TSLA,0.1,0.034378055
2025-06-13,ULTA,0.1,0.0335642
2025-06-13,MOH,0.1,0.033348806
2025-06-13,WBD,0.1,0.03332931
2025-06-13,ADBE,0.1,0.031511612
2025-06-16,UNH,0.1,0.052677277
2025-06-16,HOLX,0.1,0.043377426
2025-06-16,HUM,0.1,0.043030977
2025-06-16,BMY,0.1,0.033690788
2025-06-16,ELV,0.1,0.03244564
2025-06-16,DOC,0.1,0.028579295
2025-06-16,NUE,0.1,0.027484529
2025-06-16,CPB,0.1,0.026889317
2025-06-16,CME,0.1,0.0257467
2025-06-16,KR,0.1,0.025261436
2025-06-17,EIX,0.1,0.04843338
2025-06-17,SJM,0.1,0.043870233
2025-06-17,HOLX,0.1,0.039170243
2025-06-17,PGR,0.1,0.036370926
2025-06-17,DLTR,0.1,0.034676805
2025-06-17,WMB,0.1,0.03138974
2025-06-17,SO,0.1,0.0308173
2025-06-17,UNH,0.1,0.030424226
2025-06-17,PEG,0.1,0.029522713
2025-06-17,D,0.1,0.02921363
2025-06-18,BF-B,0.1,0.058413178
2025-06-18,NOC,0.1,0.046410196
2025-06-18,LMT,0.1,0.044962145
2025-06-18,KMB,0.1,0.044093017
2025-06-18,HOLX,0.1,0.043947257
2025-06-18,NUE,0.1,0.043466613
2025-06-18,PG,0.1,0.039109606
2025-06-18,BRO,0.1,0.038721807
2025-06-18,COST,0.1,0.03750869
2025-06-18,ULTA,0.1,0.035674985
2025-06-20,LULU,0.1,0.079447374
2025-06-20,NUE,0.1,0.05311846
2025-06-20,AVGO,0.1,0.04171114
2025-06-20,MOS,0.1,0.035573356
2025-06-20,DLTR,0.1,0.033370387
2025-06-20,STLD,0.1,0.033272527
2025-06-20,POOL,0.1,0.032805067
2025-06-20,AON,0.1,0.030332852
2025-06-20,TMUS,0.1,0.028536234
2025-06-20,FCX,0.1,0.025911812
2025-06-23,ISRG,0.1,0.04529565
2025-06-23,ERIE,0.1,0.04054892
2025-06-23,UHS,0.1,0.03214416
2025-06-23,TMUS,0.1,0.02787225
2025-06-23,PGR,0.1,0.02482668
2025-06-23,UAL,0.1,0.02451006
2025-06-23,INTU,0.1,0.024103563
2025-06-23,AIZ,0.1,0.023599857
2025-06-23,EIX,0.1,0.023440257
2025-06-23,XYZ,0.1,0.022171421
2025-06-24,SJM,0.1,0.045025855
2025-06-24,WDC,0.1,0.034376778
2025-06-24,STX,0.1,0.031749904
2025-06-24,MTCH,0.1,0.026533503
2025-06-24,EXPE,0.1,0.026249856
2025-06-24,XYZ,0.1,0.025587454
2025-06-24,INTU,0.1,0.024061605
2025-06-24,CVNA,0.1,0.022863321
2025-06-24,ULTA,0.1,0.022353377
2025-06-24,NDSN,0.1,0.02175425
2025-06-25,NUE,0.1,0.06706977
2025-06-25,FICO,0.1,0.050455216
2025-06-25,UAL,0.1,0.04606908
2025-06-25,INTC,0.1,0.04524616
2025-06-25,TMUS,0.1,0.042021424
2025-06-25,LMT,0.1,0.040436327
2025-06-25,WY,0.1,0.03990622
2025-06-25,NEE,0.1,0.038909793
2025-06-25,ERIE,0.1,0.038661763
2025-06-25,ON,0.1,0.034261126
2025-06-26,NCLH,0.1,0.029855281
2025-06-26,NDSN,0.1,0.023397818
2025-06-26,LUV,0.1,0.022084132
2025-06-26,BIIB,0.1,0.02183591
2025-06-26,DECK,0.1,0.021472342
2025-06-26,UAL,0.1,0.021231525
2025-06-26,ROST,0.1,0.020936128
2025-06-26,ARES,0.1,0.019991146
2025-06-26,FSLR,0.1,0.019718003
2025-06-26,BA,0.1,0.019595109
2025-06-27,FISV,0.1,0.05203923
2025-06-27,AES,0.1,0.045572393
2025-06-27,TMO,0.1,0.0388702
2025-06-27,ACN,0.1,0.03256158
2025-06-27,POOL,0.1,0.029964048
2025-06-27,CPAY,0.1,0.028562404
2025-06-27,FICO,0.1,0.027535386
2025-06-27,DG,0.1,0.027360462
2025-06-27,MKC,0.1,0.027131435
2025-06-27,WDAY,0.1,0.02711751
2025-06-30,TRGP,0.1,0.056610763
2025-06-30,NEE,0.1,0.040640034
2025-06-30,SLB,0.1,0.039626643
2025-06-30,LLY,0.1,0.03788524
2025-06-30,HAL,0.1,0.03769737
2025-06-30,ERIE,0.1,0.03695475
2025-06-30,APA,0.1,0.036871117
2025-06-30,IQV,0.1,0.03667816
2025-06-30,BXP,0.1,0.033319328
2025-06-30,HCA,0.1,0.03310345
2025-07-01,FSLR,0.1,0.071187556
2025-07-01,CRL,0.1,0.066084936
2025-07-01,IQV,0.1,0.04908491
2025-07-01,ON,0.1,0.048282705
2025-07-01,BBY,0.1,0.042106256
2025-07-01,CSGP,0.1,0.040541228
2025-07-01,NXPI,0.1,0.04018369
2025-07-01,HAL,0.1,0.03915692
2025-07-01,SBUX,0.1,0.036977425
2025-07-01,ALB,0.1,0.036555454
2025-07-02,HAL,0.1,0.08265684
2025-07-02,FANG,0.1,0.0742501
2025-07-02,APA,0.1,0.07132092
2025-07-02,COO,0.1,0.05498883
2025-07-02,EOG,0.1,0.05288438
2025-07-02,DVN,0.1,0.048816472
2025-07-02,OXY,0.1,0.045738295
2025-07-02,CTRA,0.1,0.041658074
2025-07-02,SLB,0.1,0.04140069
2025-07-02,COP,0.1,0.04080972
2025-07-03,ALB,0.1,0.05092036
2025-07-03,APA,0.1,0.042827062
2025-07-03,LYB,0.1,0.039473757
2025-07-03,SLB,0.1,0.03723561
2025-07-03,REGN,0.1,0.035815794
2025-07-03,TRGP,0.1,0.034857787
2025-07-03,FDX,0.1,0.03396076
2025-07-03,HAL,0.1,0.033684824
2025-07-03,ADM,0.1,0.032678068
2025-07-03,SWK,0.1,0.030884847
2025-07-07,BG,0.1,0.045983665
2025-07-07,NCLH,0.1,0.043819822
2025-07-07,APO,0.1,0.043080438
2025-07-07,XYZ,0.1,0.04182437
2025-07-07,HAL,0.1,0.040996786
2025-07-07,BDX,0.1,0.039178412
2025-07-07,SMCI,0.1,0.03742688
2025-07-07,VLO,0.1,0.036490552
2025-07-07,IQV,0.1,0.0364353
2025-07-07,TECH,0.1,0.036282457
2025-07-08,FANG,0.1,0.057436436
2025-07-08,OXY,0.1,0.056780558
2025-07-08,DVN,0.1,0.052702323
2025-07-08,COP,0.1,0.051944442
2025-07-08,EOG,0.1,0.05046124
2025-07-08,CVX,0.1,0.049188495
2025-07-08,TPL,0.1,0.049157824
2025-07-08,ADM,0.1,0.047163315
2025-07-08,MOH,0.1,0.047080826
2025-07-08,XOM,0.1,0.04569821
2025-07-09,TSLA,0.1,0.06876964
2025-07-09,FDX,0.1,0.055785004
2025-07-09,GPN,0.1,0.053960584
2025-07-09,BXP,0.1,0.04684905
2025-07-09,ARE,0.1,0.04540423
2025-07-09,NEE,0.1,0.040587332
2025-07-09,BG,0.1,0.03759797
2025-07-09,EVRG,0.1,0.035306904
2025-07-09,BALL,0.1,0.03423458
2025-07-09,CTRA,0.1,0.03349809
2025-07-10,FICO,0.1,0.06116865
2025-07-10,MOH,0.1,0.048358582
2025-07-10,BRO,0.1,0.043946955
2025-07-10,LLY,0.1,0.04039215
2025-07-10,MRK,0.1,0.0364663
2025-07-10,DGX,0.1,0.036010116
2025-07-10,TSLA,0.1,0.033524696
2025-07-10,WBD,0.1,0.03310274
2025-07-10,DUK,0.1,0.032610103
2025-07-10,BMY,0.1,0.03235963
2025-07-11,FISV,0.1,0.06400567
2025-07-11,BG,0.1,0.0497583
2025-07-11,UNH,0.1,0.045660928
2025-07-11,FICO,0.1,0.04165134
2025-07-11,NEM,0.1,0.041391768
2025-07-11,ADM,0.1,0.038599554
2025-07-11,INCY,0.1,0.03779543
2025-07-11,KR,0.1,0.03701448
2025-07-11,LLY,0.1,0.036724523
2025-07-11,ORCL,0.1,0.035249874
2025-07-14,BG,0.1,0.038420215
2025-07-14,JBL,0.1,0.035405748
2025-07-14,KR,0.1,0.03471592
2025-07-14,UNH,0.1,0.03180924
2025-07-14,EQT,0.1,0.030897789
2025-07-14,AMD,0.1,0.029677805
2025-07-14,ORCL,0.1,0.027265202
2025-07-14,HUM,0.1,0.026530597
2025-07-14,EA,0.1,0.02376223
2025-07-14,TKO,0.1,0.022940598
2025-07-15,WMB,0.1,0.050058734
2025-07-15,INCY,0.1,0.049204476
2025-07-15,AMD,0.1,0.048118047
2025-07-15,NEM,0.1,0.041755043
2025-07-15,CAH,0.1,0.040489677
2025-07-15,BRO,0.1,0.039381567
2025-07-15,UHS,0.1,0.037863918
2025-07-15,KR,0.1,0.037537836
2025-07-15,NFLX,0.1,0.037385203
2025-07-15,MKC,0.1,0.03629232
2025-07-16,CNC,0.1,0.095587686
2025-07-16,MOH,0.1,0.08716716
2025-07-16,OMC,0.1,0.049151465
2025-07-16,KR,0.1,0.040492423
2025-07-16,ELV,0.1,0.039518155
2025-07-16,NKE,0.1,0.038192276
2025-07-16,INTC,0.1,0.03645956
2025-07-16,CI,0.1,0.035889637
2025-07-16,GL,0.1,0.035032492
2025-07-16,COO,0.1,0.0340228
2025-07-17,FICO,0.1,0.06433828
2025-07-17,UNH,0.1,0.039540265
2025-07-17,CAG,0.1,0.031224106
2025-07-17,KR,0.1,0.029862601
2025-07-17,TMUS,0.1,0.029438056
2025-07-17,OMC,0.1,0.023810148
2025-07-17,PEG,0.1,0.023644645
2025-07-17,HSY,0.1,0.022973338
2025-07-17,FISV,0.1,0.022383898
2025-07-17,FDS,0.1,0.021587033
2025-07-18,UNH,0.1,0.04219923
2025-07-18,FISV,0.1,0.041179433
2025-07-18,NCLH,0.1,0.04038583
2025-07-18,CCL,0.1,0.037877068
2025-07-18,WFC,0.1,0.03613445
2025-07-18,GPN,0.1,0.03320855
2025-07-18,HPE,0.1,0.027992927
2025-07-18,CHTR,0.1,0.024266424
2025-07-18,RCL,0.1,0.023998313
2025-07-18,CDNS,0.1,0.023664359
2025-07-21,FICO,0.1,0.07174383
2025-07-21,FISV,0.1,0.03685423
2025-07-21,NKE,0.1,0.03169192
2025-07-21,DECK,0.1,0.030209847
2025-07-21,TER,0.1,0.027629718
2025-07-21,PYPL,0.1,0.027247652
2025-07-21,CIEN,0.1,0.026593827
2025-07-21,FSLR,0.1,0.024555095
2025-07-21,WYNN,0.1,0.02338491
2025-07-21,WAT,0.1,0.023125965
2025-07-22,OMC,0.1,0.038421422
2025-07-22,FICO,0.1,0.036108624
2025-07-22,TMO,0.1,0.031307742
2025-07-22,LULU,0.1,0.025851015
2025-07-22,WAT,0.1,0.025588408
2025-07-22,DECK,0.1,0.024865618
2025-07-22,MO,0.1,0.024381828
2025-07-22,CPRT,0.1,0.024166213
2025-07-22,MKC,0.1,0.023738023
2025-07-22,ACN,0.1,0.023555502
2025-07-23,AES,0.1,0.07112338
2025-07-23,NKE,0.1,0.049489632
2025-07-23,AXON,0.1,0.0456729
2025-07-23,FSLR,0.1,0.042908162
2025-07-23,PANW,0.1,0.039229274
2025-07-23,UHS,0.1,0.036642544
2025-07-23,ADSK,0.1,0.03452185
2025-07-23,CTSH,0.1,0.028151229
2025-07-23,FTNT,0.1,0.026084814
2025-07-23,GDDY,0.1,0.026065303
2025-07-24,NKE,0.1,0.025715303
2025-07-24,STLD,0.1,0.023872372
2025-07-24,BBY,0.1,0.023323499
2025-07-24,NCLH,0.1,0.022747377
2025-07-24,UHS,0.1,0.022699956
2025-07-24,SW,0.1,0.022439148
2025-07-24,EPAM,0.1,0.022310201
2025-07-24,SNPS,0.1,0.02160865
2025-07-24,GILD,0.1,0.021555133
2025-07-24,TER,0.1,0.021222252
2025-07-25,WAT,0.1,0.05503259
2025-07-25,STLD,0.1,0.03842693
2025-07-25,HAL,0.1,0.036190234
2025-07-25,SLB,0.1,0.03535469
2025-07-25,ELV,0.1,0.03253328
2025-07-25,HPQ,0.1,0.031346012
2025-07-25,APA,0.1,0.030670635
2025-07-25,DECK,0.1,0.029142518
2025-07-25,ANET,0.1,0.025636982
2025-07-25,BBY,0.1,0.02546006
2025-07-28,REGN,0.1,0.04670365
2025-07-28,BLDR,0.1,0.032580487
2025-07-28,COO,0.1,0.031815637
2025-07-28,LULU,0.1,0.03071937
2025-07-28,DHI,0.1,0.030655965
2025-07-28,TPL,0.1,0.029798888
2025-07-28,BF-B,0.1,0.028692186
2025-07-28,MOH,0.1,0.0264199
2025-07-28,PHM,0.1,0.024833303
2025-07-28,AES,0.1,0.024709135
2025-07-29,UHS,0.1,0.030931655
2025-07-29,AMAT,0.1,0.03049744
2025-07-29,VLO,0.1,0.03002641
2025-07-29,FSLR,0.1,0.02938588
2025-07-29,F,0.1,0.028539311
2025-07-29,PSX,0.1,0.025971405
2025-07-29,HCA,0.1,0.024193846
2025-07-29,WYNN,0.1,0.023439292
2025-07-29,LII,0.1,0.023252219
2025-07-29,CMG,0.1,0.023187323
2025-07-30,ELV,0.1,0.060976475
2025-07-30,ABT,0.1,0.05194944
2025-07-30,LMT,0.1,0.03303753
2025-07-30,PLD,0.1,0.03041815
2025-07-30,PM,0.1,0.025796823
2025-07-30,AES,0.1,0.025254346
2025-07-30,AWK,0.1,0.022405224
2025-07-30,COO,0.1,0.02217714
2025-07-30,REGN,0.1,0.022145651
2025-07-30,GM,0.1,0.022033252
2025-07-31,AES,0.1,0.035295278
2025-07-31,MOH,0.1,0.0345008
2025-07-31,DAL,0.1,0.033503916
2025-07-31,NEE,0.1,0.030144822
2025-07-31,IR,0.1,0.029275227
2025-07-31,LUV,0.1,0.02703454
2025-07-31,SJM,0.1,0.026957154
2025-07-31,ALB,0.1,0.025008379
2025-07-31,WYNN,0.1,0.02499014
2025-07-31,ACGL,0.1,0.023379488
2025-08-01,EQT,0.1,0.06552159
2025-08-01,TSLA,0.1,0.0431351
2025-08-01,LYB,0.1,0.026415747
2025-08-01,AMD,0.1,0.024614003
2025-08-01,CTRA,0.1,0.024473025
2025-08-01,INTC,0.1,0.024179135
2025-08-01,REGN,0.1,0.023989273
2025-08-01,AES,0.1,0.023472533
2025-08-01,TTD,0.1,0.023282751
2025-08-01,BA,0.1,0.022875052
2025-08-04,XYZ,0.1,0.03975696
2025-08-04,PM,0.1,0.03740064
2025-08-04,GM,0.1,0.032716468
2025-08-04,REGN,0.1,0.028686576
2025-08-04,ALB,0.1,0.02839753
2025-08-04,INTC,0.1,0.028052628
2025-08-04,LMT,0.1,0.02669032
2025-08-04,TPR,0.1,0.02515161
2025-08-04,EFX,0.1,0.023758495
2025-08-04,DAL,0.1,0.023006523
2025-08-05,FISV,0.1,0.06535473
2025-08-05,ALB,0.1,0.058378235
2025-08-05,CNC,0.1,0.050778143
2025-08-05,PTC,0.1,0.032933846
2025-08-05,TDY,0.1,0.031501204
2025-08-05,HUBB,0.1,0.03112004
2025-08-05,TXN,0.1,0.030943096
2025-08-05,BRO,0.1,0.03093519
2025-08-05,AES,0.1,0.025867332
2025-08-05,PPL,0.1,0.02585865
2025-08-06,TSLA,0.1,0.072798684
2025-08-06,LUV,0.1,0.056635596
2025-08-06,XYZ,0.1,0.05640147
2025-08-06,LYB,0.1,0.037200004
2025-08-06,DAL,0.1,0.033184696
2025-08-06,TXT,0.1,0.031689085
2025-08-06,IVZ,0.1,0.031458426
2025-08-06,AES,0.1,0.030354701
2025-08-06,BG,0.1,0.028900176
2025-08-06,CNP,0.1,0.026169207
2025-08-07,CHTR,0.1,0.055138543
2025-08-07,WST,0.1,0.046440497
2025-08-07,PSKY,0.1,0.04270029
2025-08-07,DOC,0.1,0.04169726
2025-08-07,TMUS,0.1,0.041555095
2025-08-07,CCI,0.1,0.035011273
2025-08-07,KR,0.1,0.027411304
2025-08-07,FSLR,0.1,0.026744418
2025-08-07,BMY,0.1,0.02635198
2025-08-07,REGN,0.1,0.026075171
2025-08-08,RVTY,0.1,0.06949741
2025-08-08,BF-B,0.1,0.051631205
2025-08-08,BAX,0.1,0.051053554
2025-08-08,ALB,0.1,0.045847204
2025-08-08,FICO,0.1,0.0400482
2025-08-08,OMC,0.1,0.038230546
2025-08-08,TSLA,0.1,0.03785533
2025-08-08,EQIX,0.1,0.03553746
2025-08-08,IQV,0.1,0.034171417
2025-08-08,PGR,0.1,0.031016491
2025-08-11,PYPL,0.1,0.06533879
2025-08-11,BRO,0.1,0.05462422
2025-08-11,XYZ,0.1,0.045301255
2025-08-11,PANW,0.1,0.043368526
2025-08-11,LLY,0.1,0.041284047
2025-08-11,LW,0.1,0.04030618
2025-08-11,BKR,0.1,0.03827734
2025-08-11,FTNT,0.1,0.03641753
2025-08-11,TTD,0.1,0.036348097
2025-08-11,MSCI,0.1,0.035304114
2025-08-12,PANW,0.1,0.06693833
2025-08-12,TT,0.1,0.05377474
2025-08-12,IT,0.1,0.046673976
2025-08-12,MDLZ,0.1,0.04236698
2025-08-12,FTNT,0.1,0.03855958
2025-08-12,IEX,0.1,0.037634805
2025-08-12,CCI,0.1,0.03578375
2025-08-12,SJM,0.1,0.035224184
2025-08-12,VRSK,0.1,0.03395416
2025-08-12,PPL,0.1,0.032079272
2025-08-13,BAX,0.1,0.06283703
2025-08-13,DECK,0.1,0.061959356
2025-08-13,IP,0.1,0.044528745
2025-08-13,TECH,0.1,0.04451661
2025-08-13,HUM,0.1,0.04356228
2025-08-13,XYZ,0.1,0.0429878
2025-08-13,ALGN,0.1,0.04278516
2025-08-13,LW,0.1,0.039735943
2025-08-13,NRG,0.1,0.03958861
2025-08-13,CI,0.1,0.03898488
2025-08-14,GWW,0.1,0.05367721
2025-08-14,IVZ,0.1,0.050646372
2025-08-14,XYZ,0.1,0.043107152
2025-08-14,AMZN,0.1,0.03583333
2025-08-14,IQV,0.1,0.034881137
2025-08-14,CRM,0.1,0.0340221
2025-08-14,MOS,0.1,0.03228374
2025-08-14,IR,0.1,0.02887825
2025-08-14,EPAM,0.1,0.028593875
2025-08-14,NOW,0.1,0.028450068
2025-08-15,PSKY,0.1,0.04839395
2025-08-15,RVTY,0.1,0.036726423
2025-08-15,WAT,0.1,0.03334067
2025-08-15,BRK-B,0.1,0.029116422
2025-08-15,LW,0.1,0.028396063
2025-08-15,WST,0.1,0.026910603
2025-08-15,SNPS,0.1,0.026706282
2025-08-15,DXCM,0.1,0.026546352
2025-08-15,RMD,0.1,0.026394786
2025-08-15,CDNS,0.1,0.025738817
2025-08-18,IT,0.1,0.08212627
2025-08-18,IDXX,0.1,0.06437833
2025-08-18,VRTX,0.1,0.05091727
2025-08-18,IQV,0.1,0.047713123
2025-08-18,TTD,0.1,0.03813099
2025-08-18,WST,0.1,0.037132055
2025-08-18,HUM,0.1,0.03165777
2025-08-18,TEL,0.1,0.030431345
2025-08-18,HSIC,0.1,0.03001235
2025-08-18,INTU,0.1,0.029319704
2025-08-19,CRL,0.1,0.053085994
2025-08-19,MOS,0.1,0.047886726
2025-08-19,NRG,0.1,0.04456815
2025-08-19,WST,0.1,0.03853196
2025-08-19,CHRW,0.1,0.0370969
2025-08-19,TECH,0.1,0.03495851
2025-08-19,TMO,0.1,0.032831192
2025-08-19,SMCI,0.1,0.032391917
2025-08-19,IQV,0.1,0.030400261
2025-08-19,LW,0.1,0.030206613
2025-08-20,FTNT,0.1,0.052888967
2025-08-20,IDXX,0.1,0.04591141
2025-08-20,TPL,0.1,0.042242814
2025-08-20,WST,0.1,0.03517822
2025-08-20,CDNS,0.1,0.035024326
2025-08-20,NOW,0.1,0.034853145
2025-08-20,LLY,0.1,0.03379685
2025-08-20,FIX,0.1,0.033766076
2025-08-20,HWM,0.1,0.03221888
2025-08-20,FSLR,0.1,0.031331442
2025-08-21,TTD,0.1,0.077707365
2025-08-21,IDXX,0.1,0.050469
2025-08-21,FIX,0.1,0.04595125
2025-08-21,SMCI,0.1,0.043864917
2025-08-21,FICO,0.1,0.04300525
2025-08-21,AXON,0.1,0.03774764
2025-08-21,GDDY,0.1,0.034906093
2025-08-21,FSLR,0.1,0.03432401
2025-08-21,ANET,0.1,0.024899993
2025-08-21,ABT,0.1,0.024699446
2025-08-22,TER,0.1,0.04569517
2025-08-22,STLD,0.1,0.034823313
2025-08-22,AXON,0.1,0.034231503
2025-08-22,WDAY,0.1,0.032291982
2025-08-22,HSY,0.1,0.030010551
2025-08-22,FANG,0.1,0.02862443
2025-08-22,DECK,0.1,0.028159507
2025-08-22,CHRW,0.1,0.026347246
2025-08-22,UNP,0.1,0.025828071
2025-08-22,EFX,0.1,0.025125297
2025-08-25,EQT,0.1,0.033494834
2025-08-25,TSLA,0.1,0.032512255
2025-08-25,CVNA,0.1,0.028574437
2025-08-25,CAH,0.1,0.02784282
2025-08-25,DUK,0.1,0.02744187
2025-08-25,ALB,0.1,0.02740255
2025-08-25,LRCX,0.1,0.024623433
2025-08-25,CDNS,0.1,0.024345411
2025-08-25,BF-B,0.1,0.024165824
2025-08-25,VRSN,0.1,0.02403105
2025-08-26,KR,0.1,0.059534147
2025-08-26,NRG,0.1,0.05183022
2025-08-26,VST,0.1,0.038492795
2025-08-26,IDXX,0.1,0.036879696
2025-08-26,MNST,0.1,0.03609725
2025-08-26,HWM,0.1,0.03386473
2025-08-26,AXON,0.1,0.033790246
2025-08-26,IBKR,0.1,0.032738183
2025-08-26,GE,0.1,0.0313494
2025-08-26,WMT,0.1,0.03042264
2025-08-27,TPR,0.1,0.06645307
2025-08-27,AMCR,0.1,0.05484539
2025-08-27,DE,0.1,0.04370943
2025-08-27,ALB,0.1,0.034687214
2025-08-27,CF,0.1,0.03342867
2025-08-27,EBAY,0.1,0.033253808
2025-08-27,IDXX,0.1,0.03302093
2025-08-27,CHRW,0.1,0.028906833
2025-08-27,J,0.1,0.026594512
2025-08-27,GNRC,0.1,0.025289271
2025-08-28,AMAT,0.1,0.04754384
2025-08-28,EIX,0.1,0.037997995
2025-08-28,PCG,0.1,0.037251648
2025-08-28,LRCX,0.1,0.036681417
2025-08-28,MU,0.1,0.034620613
2025-08-28,MPWR,0.1,0.028796367
2025-08-28,KLAC,0.1,0.027869124
2025-08-28,PTC,0.1,0.026426034
2025-08-28,TSLA,0.1,0.025032412
2025-08-28,EBAY,0.1,0.024971075
2025-08-29,TPR,0.1,0.04770463
2025-08-29,META,0.1,0.044094346
2025-08-29,IDXX,0.1,0.04247141
2025-08-29,PSKY,0.1,0.03994101
2025-08-29,INCY,0.1,0.03390604
2025-08-29,EBAY,0.1,0.03334978
2025-08-29,EA,0.1,0.03314601
2025-08-29,CRH,0.1,0.0322545
2025-08-29,BAX,0.1,0.031545274
2025-08-29,DAL,0.1,0.029202841
2025-09-02,ALB,0.1,0.061162822
2025-09-02,ALGN,0.1,0.047939554
2025-09-02,VTRS,0.1,0.038957566
2025-09-02,WDAY,0.1,0.037278615
2025-09-02,TSLA,0.1,0.035511807
2025-09-02,EXPE,0.1,0.030432615
2025-09-02,CAH,0.1,0.029327504
2025-09-02,AMD,0.1,0.026756242
2025-09-02,PSKY,0.1,0.025773661
2025-09-02,IDXX,0.1,0.024963275
2025-09-03,INTC,0.1,0.099016786
2025-09-03,MU,0.1,0.057081908
2025-09-03,KDP,0.1,0.04904216
2025-09-03,TSLA,0.1,0.04354498
2025-09-03,TGT,0.1,0.037643835
2025-09-03,VTRS,0.1,0.035764635
2025-09-03,NTAP,0.1,0.0351097
2025-09-03,BAX,0.1,0.03468928
2025-09-03,DELL,0.1,0.03388952
2025-09-03,TKO,0.1,0.033868376
2025-09-04,FSLR,0.1,0.07899899
2025-09-04,DXCM,0.1,0.04665926
2025-09-04,PODD,0.1,0.042737827
2025-09-04,CNC,0.1,0.040938023
2025-09-04,WMT,0.1,0.040348165
2025-09-04,ISRG,0.1,0.035810523
2025-09-04,GEN,0.1,0.03510444
2025-09-04,EFX,0.1,0.033768024
2025-09-04,COST,0.1,0.033188667
2025-09-04,EBAY,0.1,0.03222651
2025-09-05,ALGN,0.1,0.068899974
2025-09-05,WDAY,0.1,0.066600494
2025-09-05,EPAM,0.1,0.05391708
2025-09-05,PSKY,0.1,0.052349903
2025-09-05,INTU,0.1,0.049634956
2025-09-05,HRL,0.1,0.04670483
2025-09-05,CI,0.1,0.04427841
2025-09-05,FISV,0.1,0.03973088
2025-09-05,ELV,0.1,0.039483435
2025-09-05,ALB,0.1,0.03741542
2025-09-08,WAT,0.1,0.087663196
2025-09-08,KDP,0.1,0.07543765
2025-09-08,DXCM,0.1,0.06595201
2025-09-08,IT,0.1,0.053565316
2025-09-08,ES,0.1,0.050038632
2025-09-08,RVTY,0.1,0.04832729
2025-09-08,HRL,0.1,0.046711907
2025-09-08,MOH,0.1,0.044741616
2025-09-08,TECH,0.1,0.044393744
2025-09-08,CMG,0.1,0.04387946
2025-09-09,PSKY,0.1,0.09791358
2025-09-09,UNH,0.1,0.084079705
2025-09-09,FTNT,0.1,0.05676137
2025-09-09,CNC,0.1,0.051199794
2025-09-09,PANW,0.1,0.040258907
2025-09-09,NOW,0.1,0.037627038
2025-09-09,ADBE,0.1,0.036812462
2025-09-09,NRG,0.1,0.036145244
2025-09-09,TKO,0.1,0.034499686
2025-09-09,ERIE,0.1,0.03441801
2025-09-10,PSKY,0.1,0.100676745
2025-09-10,LLY,0.1,0.06566535
2025-09-10,LULU,0.1,0.06240488
2025-09-10,SJM,0.1,0.051154856
2025-09-10,GDDY,0.1,0.043855444
2025-09-10,FTNT,0.1,0.042032413
2025-09-10,INTC,0.1,0.04061818
2025-09-10,HSIC,0.1,0.04043765
2025-09-10,PYPL,0.1,0.040100284
2025-09-10,CNC,0.1,0.026834048
2025-09-11,HRL,0.1,0.08083622
2025-09-11,MOH,0.1,0.07104568
2025-09-11,EPAM,0.1,0.05988978
2025-09-11,ODFL,0.1,0.05669436
2025-09-11,ADBE,0.1,0.055593297
2025-09-11,LYB,0.1,0.055448033
2025-09-11,PANW,0.1,0.05533555
2025-09-11,COO,0.1,0.054407287
2025-09-11,PSKY,0.1,0.053448282
2025-09-11,CRL,0.1,0.052292794
2025-09-12,MOH,0.1,0.07204841
2025-09-12,LULU,0.1,0.056050047
2025-09-12,WDAY,0.1,0.055280373
2025-09-12,FICO,0.1,0.04788342
2025-09-12,ALGN,0.1,0.046993036
2025-09-12,LLY,0.1,0.04387797
2025-09-12,DELL,0.1,0.04281582
2025-09-12,WAT,0.1,0.04071991
2025-09-12,CRM,0.1,0.040494923
2025-09-12,ELV,0.1,0.039356757
2025-09-15,LULU,0.1,0.07624518
2025-09-15,TTD,0.1,0.07070119
2025-09-15,EPAM,0.1,0.043177903
2025-09-15,LLY,0.1,0.03925135
2025-09-15,ALGN,0.1,0.035031367
2025-09-15,PAYC,0.1,0.034012802
2025-09-15,STZ,0.1,0.033513233
2025-09-15,FDS,0.1,0.03347486
2025-09-15,EFX,0.1,0.03338116
2025-09-15,ACN,0.1,0.03310686
2025-09-16,FANG,0.1,0.06118217
2025-09-16,DLTR,0.1,0.048618183
2025-09-16,SW,0.1,0.04837197
2025-09-16,CTSH,0.1,0.046854235
2025-09-16,APA,0.1,0.04558067
2025-09-16,RVTY,0.1,0.045064807
2025-09-16,OXY,0.1,0.040971465
2025-09-16,TXN,0.1,0.040964156
2025-09-16,HAL,0.1,0.039246477
2025-09-16,COP,0.1,0.038993616
2025-09-17,MOH,0.1,0.08716573
2025-09-17,CNC,0.1,0.08629431
2025-09-17,IT,0.1,0.07492381
2025-09-17,ELV,0.1,0.0740578
2025-09-17,TXN,0.1,0.06713961
2025-09-17,EPAM,0.1,0.057211354
2025-09-17,FCX,0.1,0.052316286
2025-09-17,SW,0.1,0.050977048
2025-09-17,FISV,0.1,0.049524784
2025-09-17,PKG,0.1,0.045622826
2025-09-18,LULU,0.1,0.06789323
2025-09-18,APA,0.1,0.053522356
2025-09-18,ELV,0.1,0.042838775
2025-09-18,VLO,0.1,0.04145169
2025-09-18,CTRA,0.1,0.039017856
2025-09-18,FANG,0.1,0.03839586
2025-09-18,DVN,0.1,0.038141586
2025-09-18,SLB,0.1,0.036751017
2025-09-18,CVX,0.1,0.03581328
2025-09-18,MOH,0.1,0.035375677
2025-09-19,KDP,0.1,0.03971176
2025-09-19,IT,0.1,0.037823625
2025-09-19,CRL,0.1,0.03641308
2025-09-19,BXP,0.1,0.03634408
2025-09-19,SW,0.1,0.035968337
2025-09-19,A,0.1,0.035008185
2025-09-19,EPAM,0.1,0.034732625
2025-09-19,CPB,0.1,0.03395288
2025-09-19,NDSN,0.1,0.033370912
2025-09-19,TER,0.1,0.03285427
2025-09-22,TER,0.1,0.05199597
2025-09-22,ALB,0.1,0.047903165
2025-09-22,FCX,0.1,0.04389394
2025-09-22,HUM,0.1,0.037204243
2025-09-22,CIEN,0.1,0.035566274
2025-09-22,BLDR,0.1,0.034806494
2025-09-22,IFF,0.1,0.034672614
2025-09-22,TYL,0.1,0.03382054
2025-09-22,DECK,0.1,0.03285577
2025-09-22,TPL,0.1,0.031444393
2025-09-23,TTD,0.1,0.079995416
2025-09-23,CIEN,0.1,0.078894615
2025-09-23,SNPS,0.1,0.04296867
2025-09-23,CVNA,0.1,0.04120537
2025-09-23,ON,0.1,0.03924579
2025-09-23,FIS,0.1,0.038333483
2025-09-23,FDS,0.1,0.038315393
2025-09-23,NCLH,0.1,0.035064526
2025-09-23,MOH,0.1,0.034698494
2025-09-23,ISRG,0.1,0.030979902
2025-09-24,ADSK,0.1,0.054283127
2025-09-24,AVGO,0.1,0.04596601
2025-09-24,CAH,0.1,0.045307036
2025-09-24,ORCL,0.1,0.041629635
2025-09-24,NOW,0.1,0.040663995
2025-09-24,ALGN,0.1,0.039058216
2025-09-24,TXN,0.1,0.036779545
2025-09-24,DG,0.1,0.03422386
2025-09-24,TT,0.1,0.031017505
2025-09-24,MPWR,0.1,0.03091171
2025-09-25,MOH,0.1,0.07728636
2025-09-25,ADSK,0.1,0.046763763
2025-09-25,FICO,0.1,0.045407005
2025-09-25,BAX,0.1,0.042729996
2025-09-25,ELV,0.1,0.04089288
2025-09-25,IDXX,0.1,0.034475286
2025-09-25,UNH,0.1,0.033263016
2025-09-25,IBM,0.1,0.031020202
2025-09-25,BMY,0.1,0.03085684
2025-09-25,CNC,0.1,0.03017388
2025-09-26,DXCM,0.1,0.06288821
2025-09-26,FDS,0.1,0.058779575
2025-09-26,MU,0.1,0.040094316
2025-09-26,CHTR,0.1,0.038805902
2025-09-26,UNH,0.1,0.03870934
2025-09-26,DRI,0.1,0.031795375
2025-09-26,LYB,0.1,0.030705739
2025-09-26,ADSK,0.1,0.029656064
2025-09-26,PM,0.1,0.028468419
2025-09-26,ERIE,0.1,0.02790603
2025-09-29,CIEN,0.1,0.04642886
2025-09-29,FCX,0.1,0.036367096
2025-09-29,AVGO,0.1,0.03605003
2025-09-29,CNC,0.1,0.034650844
2025-09-29,ANET,0.1,0.03181962
2025-09-29,SW,0.1,0.027925305
2025-09-29,ORCL,0.1,0.027517933
2025-09-29,ACGL,0.1,0.026773982
2025-09-29,CLX,0.1,0.026519053
2025-09-29,ADSK,0.1,0.025827516
2025-09-30,CNC,0.1,0.07149267
2025-09-30,ORCL,0.1,0.05913864
2025-09-30,MOH,0.1,0.056304194
2025-09-30,AVGO,0.1,0.054899212
2025-09-30,SBAC,0.1,0.045669086
2025-09-30,IT,0.1,0.045145698
2025-09-30,BLDR,0.1,0.044407725
2025-09-30,FIS,0.1,0.039351232
2025-09-30,PODD,0.1,0.036553334
2025-09-30,TDG,0.1,0.035947032
2025-10-01,DXCM,0.1,0.05525419
2025-10-01,ORCL,0.1,0.042809132
2025-10-01,DRI,0.1,0.040598333
2025-10-01,TSLA,0.1,0.04059302
2025-10-01,WBD,0.1,0.038921647
2025-10-01,NRG,0.1,0.036464542
2025-10-01,UNH,0.1,0.035023298
2025-10-01,MSCI,0.1,0.035020158
2025-10-01,MCO,0.1,0.03445113
2025-10-01,FDS,0.1,0.033857387
2025-10-02,ORCL,0.1,0.088127404
2025-10-02,ALGN,0.1,0.0872451
2025-10-02,BAX,0.1,0.077531844
2025-10-02,MU,0.1,0.057377845
2025-10-02,DXCM,0.1,0.057167947
2025-10-02,AVGO,0.1,0.05200161
2025-10-02,INTC,0.1,0.050148137
2025-10-02,FCX,0.1,0.04307495
2025-10-02,GDDY,0.1,0.039474018
2025-10-02,FTNT,0.1,0.037736874
2025-10-03,SMCI,0.1,0.06918347
2025-10-03,ORCL,0.1,0.05503581
2025-10-03,WBD,0.1,0.050852522
2025-10-03,PSKY,0.1,0.05064608
2025-10-03,RVTY,0.1,0.040178776
2025-10-03,UNH,0.1,0.036725402
2025-10-03,UAL,0.1,0.036246225
2025-10-03,ALGN,0.1,0.035475194
2025-10-03,KKR,0.1,0.03533603
2025-10-03,FTNT,0.1,0.035329968
2025-10-06,IT,0.1,0.08892898
2025-10-06,PSKY,0.1,0.043960474
2025-10-06,VST,0.1,0.042806983
2025-10-06,APD,0.1,0.037752192
2025-10-06,WBD,0.1,0.03691663
2025-10-06,REGN,0.1,0.03543216
2025-10-06,SNPS,0.1,0.034452222
2025-10-06,EMR,0.1,0.033733435
2025-10-06,ON,0.1,0.03288719
2025-10-06,LW,0.1,0.03284522
2025-10-07,FCX,0.1,0.052686397
2025-10-07,ORCL,0.1,0.05220387
2025-10-07,KKR,0.1,0.04635298
2025-10-07,APO,0.1,0.04219532
2025-10-07,WBD,0.1,0.038677674
2025-10-07,ARES,0.1,0.03559924
2025-10-07,CAH,0.1,0.033864036
2025-10-07,BX,0.1,0.032191373
2025-10-07,AXON,0.1,0.03144843
2025-10-07,ADBE,0.1,0.026842553
2025-10-08,IT,0.1,0.09354125
2025-10-08,ORCL,0.1,0.062542975
2025-10-08,WBD,0.1,0.05507167
2025-10-08,JBL,0.1,0.054152306
2025-10-08,SMCI,0.1,0.05339957
2025-10-08,DECK,0.1,0.04919567
2025-10-08,MOS,0.1,0.047435183
2025-10-08,TSLA,0.1,0.047308493
2025-10-08,TPR,0.1,0.041223895
2025-10-08,FTNT,0.1,0.0401185
2025-10-09,IT,0.1,0.06480694
2025-10-09,WBD,0.1,0.064798854
2025-10-09,PSKY,0.1,0.06017524
2025-10-09,ON,0.1,0.054227404
2025-10-09,DXCM,0.1,0.04889767
2025-10-09,JBHT,0.1,0.0459655
2025-10-09,NWS,0.1,0.0458917
2025-10-09,COST,0.1,0.04145985
2025-10-09,FTNT,0.1,0.041048843
2025-10-09,AXON,0.1,0.039997708
2025-10-10,SNPS,0.1,0.081216395
2025-10-10,WBD,0.1,0.041719325
2025-10-10,TRGP,0.1,0.04160308
2025-10-10,IT,0.1,0.039406054
2025-10-10,TPL,0.1,0.03681022
2025-10-10,FANG,0.1,0.032425143
2025-10-10,PSKY,0.1,0.031871114
2025-10-10,INTC,0.1,0.031539097
2025-10-10,HRL,0.1,0.03032972
2025-10-10,CMG,0.1,0.02780062
2025-10-13,SNPS,0.1,0.09899442
2025-10-13,CVNA,0.1,0.050523452
2025-10-13,INTU,0.1,0.04149104
2025-10-13,TTD,0.1,0.040966332
2025-10-13,IT,0.1,0.040635467
2025-10-13,PYPL,0.1,0.039827652
2025-10-13,WDAY,0.1,0.037028372
2025-10-13,GDDY,0.1,0.036023468
2025-10-13,PAYX,0.1,0.035978056
2025-10-13,NWS,0.1,0.0342038
2025-10-14,SNPS,0.1,0.069248356
2025-10-14,IT,0.1,0.048354544
2025-10-14,INTC,0.1,0.04299141
2025-10-14,TYL,0.1,0.039054777
2025-10-14,CHTR,0.1,0.034138016
2025-10-14,TRMB,0.1,0.033703335
2025-10-14,INTU,0.1,0.031817123
2025-10-14,FTNT,0.1,0.029164892
2025-10-14,MPWR,0.1,0.027620398
2025-10-14,CTAS,0.1,0.027486682
2025-10-15,SNPS,0.1,0.09038688
2025-10-15,LULU,0.1,0.053305604
2025-10-15,AES,0.1,0.051598437
2025-10-15,TTD,0.1,0.04578908
2025-10-15,HAL,0.1,0.04092719
2025-10-15,EA,0.1,0.039734717
2025-10-15,EFX,0.1,0.03435354
2025-10-15,INTC,0.1,0.032877006
2025-10-15,OXY,0.1,0.03201949
2025-10-15,WYNN,0.1,0.029918022
2025-10-16,LVS,0.1,0.056836806
2025-10-16,JBL,0.1,0.049722806
2025-10-16,WYNN,0.1,0.038996004
2025-10-16,TTD,0.1,0.03804706
2025-10-16,AMAT,0.1,0.035672314
2025-10-16,NI,0.1,0.034638815
2025-10-16,KLAC,0.1,0.031919047
2025-10-16,UNP,0.1,0.031902693
2025-10-16,PM,0.1,0.03130803
2025-10-16,STX,0.1,0.02864246
2025-10-17,TER,0.1,0.03629883
2025-10-17,CAH,0.1,0.034993637
2025-10-17,BAX,0.1,0.034665145
2025-10-17,WELL,0.1,0.03251137
2025-10-17,MCK,0.1,0.03184752
2025-10-17,HAL,0.1,0.029959515
2025-10-17,INTC,0.1,0.027841356
2025-10-17,INTU,0.1,0.02663735
2025-10-17,PWR,0.1,0.024998564
2025-10-17,HWM,0.1,0.024804905
2025-10-20,HAL,0.1,0.052464515
2025-10-20,COP,0.1,0.037157044
2025-10-20,EQT,0.1,0.03545449
2025-10-20,NKE,0.1,0.034226187
2025-10-20,AIZ,0.1,0.028930582
2025-10-20,TER,0.1,0.026713006
2025-10-20,MKC,0.1,0.026388252
2025-10-20,KDP,0.1,0.02580302
2025-10-20,APA,0.1,0.024986401
2025-10-20,DHI,0.1,0.024599602
2025-10-21,FICO,0.1,0.08060855
2025-10-21,EW,0.1,0.049238257
2025-10-21,IBM,0.1,0.04808709
2025-10-21,EQT,0.1,0.044553958
2025-10-21,HAL,0.1,0.037818126
2025-10-21,REGN,0.1,0.03655881
2025-10-21,UHS,0.1,0.034916468
2025-10-21,PYPL,0.1,0.034380924
2025-10-21,TTD,0.1,0.0342773
2025-10-21,INTC,0.1,0.034116656
2025-10-22,SNPS,0.1,0.061849058
2025-10-22,EA,0.1,0.040852975
2025-10-22,HUM,0.1,0.03703691
2025-10-22,INTC,0.1,0.034218997
2025-10-22,ODFL,0.1,0.03229157
2025-10-22,MU,0.1,0.03224014
2025-10-22,BA,0.1,0.031042565
2025-10-22,ANET,0.1,0.02959767
2025-10-22,WDC,0.1,0.028094612
2025-10-22,CHTR,0.1,0.026765984
2025-10-23,AMD,0.1,0.0635429
2025-10-23,PYPL,0.1,0.053350035
2025-10-23,MOS,0.1,0.04518109
2025-10-23,SNPS,0.1,0.044355135
2025-10-23,EA,0.1,0.04137031
2025-10-23,ALB,0.1,0.038873997
2025-10-23,TTD,0.1,0.032359697
2025-10-23,EL,0.1,0.029529266
2025-10-23,MRSH,0.1,0.028324153
2025-10-23,FIS,0.1,0.026841335
2025-10-24,LLY,0.1,0.051496208
2025-10-24,FAST,0.1,0.04188952
2025-10-24,TTD,0.1,0.039566427
2025-10-24,HOLX,0.1,0.03819565
2025-10-24,DELL,0.1,0.036442094
2025-10-24,MRSH,0.1,0.036256146
2025-10-24,LII,0.1,0.034632854
2025-10-24,CHTR,0.1,0.031762928
2025-10-24,AJG,0.1,0.031658575
2025-10-24,CAH,0.1,0.030331064
2025-10-27,FCX,0.1,0.061552756
2025-10-27,ANET,0.1,0.053514034
2025-10-27,AES,0.1,0.047153216
2025-10-27,SMCI,0.1,0.04706095
2025-10-27,ORCL,0.1,0.039560743
2025-10-27,DELL,0.1,0.035571683
2025-10-27,LLY,0.1,0.03548032
2025-10-27,TECH,0.1,0.035234164
2025-10-27,RMD,0.1,0.034964994
2025-10-27,DHR,0.1,0.034208514
2025-10-28,ROP,0.1,0.05426831
2025-10-28,PGR,0.1,0.05390261
2025-10-28,FICO,0.1,0.05100239
2025-10-28,NOC,0.1,0.04490398
2025-10-28,STZ,0.1,0.04372081
2025-10-28,AXON,0.1,0.042493045
2025-10-28,ALGN,0.1,0.03932824
2025-10-28,MOH,0.1,0.03867224
2025-10-28,MRK,0.1,0.03485234
2025-10-28,ELV,0.1,0.0340136
2025-10-29,MRSH,0.1,0.04863777
2025-10-29,FICO,0.1,0.048612192
2025-10-29,AMD,0.1,0.045081977
2025-10-29,BRO,0.1,0.040664505
2025-10-29,FFIV,0.1,0.036531124
2025-10-29,FCX,0.1,0.035907254
2025-10-29,VRSK,0.1,0.02992145
2025-10-29,ELV,0.1,0.02863225
2025-10-29,AON,0.1,0.028091535
2025-10-29,LII,0.1,0.026736997
2025-10-30,AMD,0.1,0.08036177
2025-10-30,SMCI,0.1,0.05890754
2025-10-30,ORCL,0.1,0.05730533
2025-10-30,VST,0.1,0.050507322
2025-10-30,ON,0.1,0.042106356
2025-10-30,TROW,0.1,0.03891828
2025-10-30,NFLX,0.1,0.036456447
2025-10-30,IBKR,0.1,0.033732176
2025-10-30,RMD,0.1,0.032395225
2025-10-30,NRG,0.1,0.03159475
2025-10-31,DG,0.1,0.038293976
2025-10-31,AMD,0.1,0.03723061
2025-10-31,CMG,0.1,0.036807757
2025-10-31,DLTR,0.1,0.035956588
2025-10-31,DUK,0.1,0.033809476
2025-10-31,ORCL,0.1,0.030262087
2025-10-31,UAL,0.1,0.029592033
2025-10-31,ALLE,0.1,0.02737651
2025-10-31,TMUS,0.1,0.026647665
2025-10-31,BRO,0.1,0.026343377
2025-11-03,SNPS,0.1,0.057606563
2025-11-03,ALB,0.1,0.05582513
2025-11-03,EFX,0.1,0.05033967
2025-11-03,GNRC,0.1,0.047980607
2025-11-03,PM,0.1,0.04553771
2025-11-03,AMD,0.1,0.04464078
2025-11-03,BG,0.1,0.040300168
2025-11-03,ADM,0.1,0.039216354
2025-11-03,NEM,0.1,0.039124567
2025-11-03,FCX,0.1,0.03216088
2025-11-04,JBHT,0.1,0.061057627
2025-11-04,TXN,0.1,0.055109296
2025-11-04,SNPS,0.1,0.04779559
2025-11-04,NFLX,0.1,0.046999954
2025-11-04,LII,0.1,0.045646407
2025-11-04,ON,0.1,0.03729788
2025-11-04,AMD,0.1,0.03631174
2025-11-04,STZ,0.1,0.030463442
2025-11-04,GNRC,0.1,0.03014806
2025-11-04,EL,0.1,0.029211868
2025-11-05,DLTR,0.1,0.06267406
2025-11-05,ROP,0.1,0.048708916
2025-11-05,SW,0.1,0.04838172
2025-11-05,EL,0.1,0.044238523
2025-11-05,GNRC,0.1,0.042667612
2025-11-05,ARE,0.1,0.042330958
2025-11-05,COO,0.1,0.03837242
2025-11-05,BX,0.1,0.037185565
2025-11-05,DG,0.1,0.036839128
2025-11-05,TSCO,0.1,0.033939164
2025-11-06,DECK,0.1,0.08366013
2025-11-06,LULU,0.1,0.06192904
2025-11-06,FISV,0.1,0.058300875
2025-11-06,TTD,0.1,0.05722134
2025-11-06,DLTR,0.1,0.04517412
2025-11-06,CRL,0.1,0.041381598
2025-11-06,FDS,0.1,0.040688697
2025-11-06,TYL,0.1,0.03983082
2025-11-06,GNRC,0.1,0.03874599
2025-11-06,SW,0.1,0.036126148
2025-11-07,GM,0.1,0.049981013
2025-11-07,AWK,0.1,0.044159293
2025-11-07,DXCM,0.1,0.04063716
2025-11-07,SBUX,0.1,0.039987758
2025-11-07,HBAN,0.1,0.038455505
2025-11-07,DLTR,0.1,0.038200777
2025-11-07,CMG,0.1,0.03777919
2025-11-07,RF,0.1,0.03694246
2025-11-07,RCL,0.1,0.036315702
2025-11-07,ISRG,0.1,0.036162063
2025-11-10,ARE,0.1,0.09422432
2025-11-10,ISRG,0.1,0.07003188
2025-11-10,SNPS,0.1,0.065293185
2025-11-10,ZBRA,0.1,0.05856265
2025-11-10,EG,0.1,0.05061868
2025-11-10,DHI,0.1,0.04965548
2025-11-10,LEN,0.1,0.049073193
2025-11-10,DLTR,0.1,0.040942743
2025-11-10,SBUX,0.1,0.040363982
2025-11-10,FFIV,0.1,0.03922422
2025-11-11,SNPS,0.1,0.09099384
2025-11-11,FISV,0.1,0.077052094
2025-11-11,CSGP,0.1,0.062363014
2025-11-11,CVNA,0.1,0.058208957
2025-11-11,SW,0.1,0.05771312
2025-11-11,TTD,0.1,0.057068627
2025-11-11,GNRC,0.1,0.05246237
2025-11-11,XYZ,0.1,0.046817407
2025-11-11,FIX,0.1,0.036226306
2025-11-11,BG,0.1,0.03599732
2025-11-12,EME,0.1,0.05226232
2025-11-12,HUM,0.1,0.04879143
2025-11-12,EBAY,0.1,0.044387262
2025-11-12,BAX,0.1,0.043329485
2025-11-12,JBHT,0.1,0.042808183
2025-11-12,CI,0.1,0.04152801
2025-11-12,HOLX,0.1,0.04128543
2025-11-12,CDW,0.1,0.038262956
2025-11-12,ZBH,0.1,0.037711415
2025-11-12,IP,0.1,0.037637874
2025-11-13,DXCM,0.1,0.05873224
2025-11-13,HUM,0.1,0.05396995
2025-11-13,HOLX,0.1,0.05181917
2025-11-13,ERIE,0.1,0.049209442
2025-11-13,HAL,0.1,0.04545948
2025-11-13,POOL,0.1,0.03981796
2025-11-13,JBHT,0.1,0.038990393
2025-11-13,ZBH,0.1,0.037784442
2025-11-13,EW,0.1,0.036217358
2025-11-13,AXON,0.1,0.035335183
2025-11-14,SNPS,0.1,0.06463769
2025-11-14,ISRG,0.1,0.042517636
2025-11-14,EPAM,0.1,0.037064582
2025-11-14,GM,0.1,0.035795867
2025-11-14,WST,0.1,0.03508469
2025-11-14,MOS,0.1,0.0346433
2025-11-14,PAYC,0.1,0.032742143
2025-11-14,NVDA,0.1,0.031246513
2025-11-14,NUE,0.1,0.030611284
2025-11-14,GEN,0.1,0.02960692
2025-11-17,NCLH,0.1,0.049159806
2025-11-17,CCL,0.1,0.044375233
2025-11-17,ZTS,0.1,0.044070028
2025-11-17,GM,0.1,0.042106554
2025-11-17,AXON,0.1,0.04045399
2025-11-17,SNPS,0.1,0.0356715
2025-11-17,MPC,0.1,0.03439624
2025-11-17,HAL,0.1,0.031251997
2025-11-17,LVS,0.1,0.030445434
2025-11-17,BALL,0.1,0.03035666
2025-11-18,AXON,0.1,0.06386151
2025-11-18,CRL,0.1,0.04607836
2025-11-18,TECH,0.1,0.042111337
2025-11-18,ANET,0.1,0.036796737
2025-11-18,ZBH,0.1,0.0353722
2025-11-18,VRSK,0.1,0.033192903
2025-11-18,TRMB,0.1,0.030998785
2025-11-18,EMR,0.1,0.030685391
2025-11-18,HUM,0.1,0.029797707
2025-11-18,DELL,0.1,0.028626803
2025-11-19,ORCL,0.1,0.04251574
2025-11-19,AMZN,0.1,0.040789347
2025-11-19,ISRG,0.1,0.037308082
2025-11-19,NVDA,0.1,0.035615683
2025-11-19,EME,0.1,0.03546273
2025-11-19,HAL,0.1,0.035454735
2025-11-19,FIX,0.1,0.035185754
2025-11-19,TTD,0.1,0.03434822
2025-11-19,PAYC,0.1,0.033944126
2025-11-19,FTNT,0.1,0.031479385
2025-11-20,BEN,0.1,0.028671958
2025-11-20,TPL,0.1,0.025749227
2025-11-20,GEN,0.1,0.025570352
2025-11-20,EMR,0.1,0.024982248
2025-11-20,FIX,0.1,0.024691232
2025-11-20,ARES,0.1,0.022864986
2025-11-20,DXCM,0.1,0.020657055
2025-11-20,STX,0.1,0.020279512
2025-11-20,HPE,0.1,0.019302052
2025-11-20,LLY,0.1,0.018927857
2025-11-21,WSM,0.1,0.037309393
2025-11-21,CNC,0.1,0.037020393
2025-11-21,MOH,0.1,0.029051527
2025-11-21,BLDR,0.1,0.027361985
2025-11-21,CHD,0.1,0.026187375
2025-11-21,UHS,0.1,0.024721444
2025-11-21,CHTR,0.1,0.024603574
2025-11-21,HCA,0.1,0.024582248
2025-11-21,D,0.1,0.023719419
2025-11-21,SWK,0.1,0.023361217
2025-11-24,TER,0.1,0.039086446
2025-11-24,CHRW,0.1,0.037363727
2025-11-24,FSLR,0.1,0.03732124
2025-11-24,ETN,0.1,0.03563884
2025-11-24,FCX,0.1,0.03527941
2025-11-24,STX,0.1,0.03317844
2025-11-24,WDC,0.1,0.03212877
2025-11-24,HPE,0.1,0.03140175
2025-11-24,HUBB,0.1,0.030463666
2025-11-24,JBL,0.1,0.029407177
2025-11-25,PSKY,0.1,0.033173095
2025-11-25,CPB,0.1,0.025940876
2025-11-25,LYV,0.1,0.025627727
2025-11-25,AMZN,0.1,0.023194907
2025-11-25,HUM,0.1,0.022752948
2025-11-25,HD,0.1,0.022439335
2025-11-25,EXPD,0.1,0.022176795
2025-11-25,TRGP,0.1,0.02208716
2025-11-25,SLB,0.1,0.021876702
2025-11-25,CTRA,0.1,0.02181312
2025-11-26,EXPE,0.1,0.031243484
2025-11-26,APO,0.1,0.029825673
2025-11-26,AMZN,0.1,0.02655489
2025-11-26,EXPD,0.1,0.02592115
2025-11-26,BX,0.1,0.02471193
2025-11-26,NWSA,0.1,0.024499852
2025-11-26,STX,0.1,0.02409909
2025-11-26,HSIC,0.1,0.023859214
2025-11-26,ARES,0.1,0.023177166
2025-11-26,JBL,0.1,0.022793423
2025-11-28,FFIV,0.1,0.040760256
2025-11-28,DD,0.1,0.03717298
2025-11-28,NFLX,0.1,0.033066757
2025-11-28,TRGP,0.1,0.029201828
2025-11-28,BMY,0.1,0.025264096
2025-11-28,EQT,0.1,0.025185112
2025-11-28,TAP,0.1,0.02499741
2025-11-28,AMGN,0.1,0.024917785
2025-11-28,IDXX,0.1,0.024615696
2025-11-28,HSIC,0.1,0.024194617
2025-12-01,TXN,0.1,0.0398561
2025-12-01,UAL,0.1,0.037343808
2025-12-01,APO,0.1,0.03598369
2025-12-01,DECK,0.1,0.031763732
2025-12-01,QCOM,0.1,0.029472534
2025-12-01,NXPI,0.1,0.02905288
2025-12-01,BEN,0.1,0.028331012
2025-12-01,TRGP,0.1,0.025610186
2025-12-01,CPAY,0.1,0.025072493
2025-12-01,APD,0.1,0.024718367
2025-12-02,HD,0.1,0.058268122
2025-12-02,FISV,0.1,0.050813116
2025-12-02,EXPE,0.1,0.041811757
2025-12-02,AKAM,0.1,0.04141406
2025-12-02,ALB,0.1,0.040305056
2025-12-02,AMCR,0.1,0.039962485
2025-12-02,CMG,0.1,0.039957397
2025-12-02,EPAM,0.1,0.03558757
2025-12-02,CI,0.1,0.034985945
2025-12-02,PPG,0.1,0.034802794
2025-12-03,PSKY,0.1,0.080509
2025-12-03,ES,0.1,0.054623034
2025-12-03,CF,0.1,0.047732964
2025-12-03,ORCL,0.1,0.040627312
2025-12-03,EG,0.1,0.040557645
2025-12-03,PSX,0.1,0.03914092
2025-12-03,CPB,0.1,0.039007515
2025-12-03,EOG,0.1,0.038621973
2025-12-03,VLO,0.1,0.038145244
2025-12-03,TMUS,0.1,0.03813739
2025-12-04,ALB,0.1,0.042043254
2025-12-04,PODD,0.1,0.032600675
2025-12-04,NEM,0.1,0.028918356
2025-12-04,EXPE,0.1,0.02651494
2025-12-04,AES,0.1,0.025400586
2025-12-04,AKAM,0.1,0.02528577
2025-12-04,TRGP,0.1,0.025275657
2025-12-04,KDP,0.1,0.025033195
2025-12-04,PANW,0.1,0.02449477
2025-12-04,TEL,0.1,0.024153724
2025-12-05,ALB,0.1,0.063317016
2025-12-05,PSKY,0.1,0.061560884
2025-12-05,WYNN,0.1,0.038449965
2025-12-05,CVNA,0.1,0.03757491
2025-12-05,DVN,0.1,0.035889342
2025-12-05,TMUS,0.1,0.03444375
2025-12-05,VRSN,0.1,0.034068037
2025-12-05,REGN,0.1,0.03376513
2025-12-05,EXPE,0.1,0.03226041
2025-12-05,MSI,0.1,0.031519935
2025-12-08,RCL,0.1,0.042246558
2025-12-08,TYL,0.1,0.038575787
2025-12-08,AKAM,0.1,0.03666387
2025-12-08,ALB,0.1,0.036102302
2025-12-08,PODD,0.1,0.0338879
2025-12-08,PSKY,0.1,0.033812612
2025-12-08,CCL,0.1,0.033716355
2025-12-08,CPB,0.1,0.03316917
2025-12-08,LYV,0.1,0.033089314
2025-12-08,KR,0.1,0.032624863
2025-12-09,SNPS,0.1,0.03887956
2025-12-09,COP,0.1,0.030450061
2025-12-09,NVDA,0.1,0.027412403
2025-12-09,AZO,0.1,0.02591883
2025-12-09,AKAM,0.1,0.02537483
2025-12-09,SJM,0.1,0.02431323
2025-12-09,MKC,0.1,0.023950405
2025-12-09,APO,0.1,0.023935527
2025-12-09,BDX,0.1,0.023473427
2025-12-09,KDP,0.1,0.02183145
2025-12-10,WDAY,0.1,0.06622541
2025-12-10,INTU,0.1,0.064107805
2025-12-10,REGN,0.1,0.05957786
2025-12-10,PSKY,0.1,0.049776755
2025-12-10,AJG,0.1,0.045701742
2025-12-10,FDS,0.1,0.04559912
2025-12-10,DGX,0.1,0.04169438
2025-12-10,GEN,0.1,0.0414854
2025-12-10,STZ,0.1,0.041351736
2025-12-10,ABBV,0.1,0.040536705
2025-12-11,DXCM,0.1,0.050947245
2025-12-11,VRSK,0.1,0.043589048
2025-12-11,ZBH,0.1,0.041395023
2025-12-11,ARE,0.1,0.041031502
2025-12-11,BAX,0.1,0.039622582
2025-12-11,ERIE,0.1,0.03890241
2025-12-11,COO,0.1,0.037222907
2025-12-11,LYB,0.1,0.036907494
2025-12-11,AJG,0.1,0.03661965
2025-12-11,J,0.1,0.036298536
2025-12-12,WRB,0.1,0.049741786
2025-12-12,LEN,0.1,0.045536686
2025-12-12,RMD,0.1,0.04501438
2025-12-12,CVNA,0.1,0.040961485
2025-12-12,MDT,0.1,0.0400365
2025-12-12,NOC,0.1,0.03978374
2025-12-12,AVGO,0.1,0.039345436
2025-12-12,MRK,0.1,0.038199797
2025-12-12,CNC,0.1,0.038074423
2025-12-12,MOH,0.1,0.037893444
2025-12-15,XYZ,0.1,0.047642753
2025-12-15,BKR,0.1,0.043832973
2025-12-15,REGN,0.1,0.03436438
2025-12-15,CL,0.1,0.032544862
2025-12-15,ZTS,0.1,0.032513887
2025-12-15,MDT,0.1,0.03118838
2025-12-15,ERIE,0.1,0.03086117
2025-12-15,HLT,0.1,0.030211851
2025-12-15,WYNN,0.1,0.029638816
2025-12-15,CAG,0.1,0.029616822
2025-12-16,PSKY,0.1,0.060652927
2025-12-16,LEN,0.1,0.054939494
2025-12-16,ARE,0.1,0.05189097
2025-12-16,BA,0.1,0.03396163
2025-12-16,VST,0.1,0.03166587
2025-12-16,CIEN,0.1,0.0312123
2025-12-16,AVGO,0.1,0.03109809
2025-12-16,FIX,0.1,0.030700054
2025-12-16,DHI,0.1,0.02918607
2025-12-16,INTC,0.1,0.028663438
2025-12-17,LII,0.1,0.042171925
2025-12-17,UAL,0.1,0.0387542
2025-12-17,WYNN,0.1,0.03854622
2025-12-17,INTC,0.1,0.036727842
2025-12-17,BLDR,0.1,0.03624526
2025-12-17,CVNA,0.1,0.034379087
2025-12-17,RCL,0.1,0.03200885
2025-12-17,LEN,0.1,0.030968957
2025-12-17,AVGO,0.1,0.030570362
2025-12-17,NCLH,0.1,0.030040126
2025-12-18,HPE,0.1,0.06872947
2025-12-18,PSKY,0.1,0.059269242
2025-12-18,FFIV,0.1,0.048544012
2025-12-18,EFX,0.1,0.04573469
2025-12-18,SWK,0.1,0.042054504
2025-12-18,BLDR,0.1,0.036366448
2025-12-18,PTC,0.1,0.035491213
2025-12-18,KEYS,0.1,0.034924343
2025-12-18,ARES,0.1,0.034669142
2025-12-18,HPQ,0.1,0.034225583
2025-12-19,CVNA,0.1,0.057289504
2025-12-19,INTC,0.1,0.054698616
2025-12-19,DELL,0.1,0.05158355
2025-12-19,RMD,0.1,0.0481828
2025-12-19,TRMB,0.1,0.044996716
2025-12-19,ANET,0.1,0.0425495
2025-12-19,BLDR,0.1,0.042415082
2025-12-19,TSLA,0.1,0.04200572
2025-12-19,FCX,0.1,0.041656066
2025-12-19,TER,0.1,0.041467708
2025-12-22,AZO,0.1,0.05132247
2025-12-22,DELL,0.1,0.042333707
2025-12-22,AVGO,0.1,0.042219512
2025-12-22,MCHP,0.1,0.040610135
2025-12-22,GNRC,0.1,0.03777149
2025-12-22,WYNN,0.1,0.0358552
2025-12-22,ANET,0.1,0.0343834
2025-12-22,XYZ,0.1,0.033596933
2025-12-22,DRI,0.1,0.033522103
2025-12-22,EL,0.1,0.031665407
2025-12-23,NOW,0.1,0.04001742
2025-12-23,DG,0.1,0.038081106
2025-12-23,KMB,0.1,0.03747855
2025-12-23,TXN,0.1,0.03503805
2025-12-23,J,0.1,0.03502118
2025-12-23,HPQ,0.1,0.032669295
2025-12-23,CRM,0.1,0.03246159
2025-12-23,ARE,0.1,0.032121934
2025-12-23,KEYS,0.1,0.030433685
2025-12-23,ARES,0.1,0.02938161
2025-12-24,ORCL,0.1,0.09522052
2025-12-24,FISV,0.1,0.051668055
2025-12-24,AMAT,0.1,0.041984096
2025-12-24,WDC,0.1,0.040880196
2025-12-24,MU,0.1,0.040868413
2025-12-24,CVNA,0.1,0.03965812
2025-12-24,TTD,0.1,0.038470194
2025-12-24,MCHP,0.1,0.036915645
2025-12-24,AVGO,0.1,0.03270804
2025-12-24,SNPS,0.1,0.032624178
2025-12-26,CVNA,0.1,0.06479211
2025-12-26,ARES,0.1,0.057337
2025-12-26,GNRC,0.1,0.04850302
2025-12-26,SMCI,0.1,0.04375128
2025-12-26,DELL,0.1,0.037974223
2025-12-26,CI,0.1,0.037950724
2025-12-26,IRM,0.1,0.03669837
2025-12-26,LYV,0.1,0.03636446
2025-12-26,DECK,0.1,0.036144767
2025-12-26,CMG,0.1,0.03585249
2025-12-29,NOW,0.1,0.08163355
2025-12-29,CSGP,0.1,0.061969303
2025-12-29,ORCL,0.1,0.05243872
2025-12-29,TXN,0.1,0.051208973
2025-12-29,DECK,0.1,0.047601048
2025-12-29,GRMN,0.1,0.045212664
2025-12-29,NWS,0.1,0.04032838
2025-12-29,HPQ,0.1,0.038703624
2025-12-29,STZ,0.1,0.03844688
2025-12-29,WBD,0.1,0.038222767
2025-12-30,NKE,0.1,0.053346522
2025-12-30,HUM,0.1,0.039996777
2025-12-30,FISV,0.1,0.03901506
2025-12-30,MCHP,0.1,0.03836985
2025-12-30,LW,0.1,0.03722254
2025-12-30,PSX,0.1,0.036136065
2025-12-30,GPC,0.1,0.033622835
2025-12-30,FFIV,0.1,0.03334102
2025-12-30,CMCSA,0.1,0.032595854
2025-12-30,GNRC,0.1,0.03084921
2025-12-31,NCLH,0.1,0.07642902
2025-12-31,LUV,0.1,0.061682448
2025-12-31,BF-B,0.1,0.057021007
2025-12-31,MCHP,0.1,0.046980552
2025-12-31,LYV,0.1,0.042067986
2025-12-31,FISV,0.1,0.041962553
2025-12-31,GNRC,0.1,0.041487224
2025-12-31,CPB,0.1,0.041075803
2025-12-31,RCL,0.1,0.04005768
2025-12-31,EFX,0.1,0.03924294
2026-01-02,FISV,0.1,0.097914636
2026-01-02,FDS,0.1,0.059191734
2026-01-02,MOS,0.1,0.045933038
2026-01-02,GNRC,0.1,0.044163756
2026-01-02,PAYC,0.1,0.041191705
2026-01-02,AJG,0.1,0.04061015
2026-01-02,MOH,0.1,0.040362872
2026-01-02,FITB,0.1,0.039368022
2026-01-02,AIG,0.1,0.03831659
2026-01-02,HPQ,0.1,0.03797546
2026-01-05,LW,0.1,0.061843902
2026-01-05,CVNA,0.1,0.05512607
2026-01-05,ARES,0.1,0.04743331
2026-01-05,LULU,0.1,0.04021885
2026-01-05,FISV,0.1,0.039745294
2026-01-05,CDW,0.1,0.038454268
2026-01-05,CI,0.1,0.037267644
2026-01-05,IT,0.1,0.036813628
2026-01-05,BF-B,0.1,0.03335162
2026-01-05,META,0.1,0.03215492
2026-01-06,DXCM,0.1,0.04858128
2026-01-06,BAX,0.1,0.043567877
2026-01-06,ES,0.1,0.04276757
2026-01-06,D,0.1,0.03881876
2026-01-06,NCLH,0.1,0.036428034
2026-01-06,STX,0.1,0.03572014
2026-01-06,BBY,0.1,0.033531934
2026-01-06,PEP,0.1,0.03212262
2026-01-06,HSY,0.1,0.028366398
2026-01-06,STZ,0.1,0.027870573
2026-01-07,NCLH,0.1,0.057187106
2026-01-07,FISV,0.1,0.050847758
2026-01-07,RCL,0.1,0.044370145
2026-01-07,ARE,0.1,0.03954966
2026-01-07,OMC,0.1,0.038984094
2026-01-07,MOS,0.1,0.034911122
2026-01-07,WY,0.1,0.03333717
2026-01-07,CMG,0.1,0.030842364
2026-01-07,KMB,0.1,0.030004047
2026-01-07,UAL,0.1,0.029825076
2026-01-08,RCL,0.1,0.042988427
2026-01-08,FISV,0.1,0.038558397
2026-01-08,FFIV,0.1,0.038182326
2026-01-08,EME,0.1,0.033982735
2026-01-08,SW,0.1,0.033108763
2026-01-08,FIX,0.1,0.032894533
2026-01-08,ZTS,0.1,0.030230924
2026-01-08,LULU,0.1,0.029259007
2026-01-08,ALB,0.1,0.028390426
2026-01-08,AIG,0.1,0.027755871
2026-01-09,RCL,0.1,0.07330444
2026-01-09,NCLH,0.1,0.054409526
2026-01-09,TSLA,0.1,0.052314937
2026-01-09,AXON,0.1,0.05128946
2026-01-09,TXT,0.1,0.039964102
2026-01-09,CCL,0.1,0.03841467
2026-01-09,AIG,0.1,0.036511365
2026-01-09,TPL,0.1,0.03645441
2026-01-09,GPN,0.1,0.032673553
2026-01-09,EFX,0.1,0.031189859
2026-01-12,FCX,0.1,0.052336134
2026-01-12,CCL,0.1,0.04970982
2026-01-12,NCLH,0.1,0.04877768
2026-01-12,CMG,0.1,0.0396289
2026-01-12,IT,0.1,0.0387848
2026-01-12,TSLA,0.1,0.036994617
2026-01-12,RCL,0.1,0.03690364
2026-01-12,NEM,0.1,0.036354735
2026-01-12,POOL,0.1,0.03327351
2026-01-12,TPR,0.1,0.03311439
2026-01-13,ERIE,0.1,0.0417955
2026-01-13,GILD,0.1,0.040119693
2026-01-13,ABBV,0.1,0.035720725
2026-01-13,IT,0.1,0.033139348
2026-01-13,TT,0.1,0.029298183
2026-01-13,JCI,0.1,0.026863147
2026-01-13,GIS,0.1,0.0263274
2026-01-13,TTWO,0.1,0.026203848
2026-01-13,V,0.1,0.025444528
2026-01-13,CBRE,0.1,0.025394654
2026-01-14,MCO,0.1,0.041300323
2026-01-14,AIG,0.1,0.040707313
2026-01-14,JCI,0.1,0.03856542
2026-01-14,HPQ,0.1,0.037802905
2026-01-14,GDDY,0.1,0.034389522
2026-01-14,MAA,0.1,0.033422954
2026-01-14,FFIV,0.1,0.033124663
2026-01-14,BX,0.1,0.032937057
2026-01-14,TT,0.1,0.03291776
2026-01-14,IT,0.1,0.032222982
2026-01-15,IT,0.1,0.051746264
2026-01-15,TPL,0.1,0.042940736
2026-01-15,AZO,0.1,0.03907952
2026-01-15,DLR,0.1,0.037490763
2026-01-15,ADSK,0.1,0.03718168
2026-01-15,TMUS,0.1,0.03706383
2026-01-15,WST,0.1,0.03632745
2026-01-15,CSGP,0.1,0.036113773
2026-01-15,CPT,0.1,0.036033273
2026-01-15,TYL,0.1,0.035336956
2026-01-16,MU,0.1,0.10450792
2026-01-16,TTD,0.1,0.081186734
2026-01-16,CIEN,0.1,0.07438947
2026-01-16,ARE,0.1,0.066518225
2026-01-16,ANET,0.1,0.062050365
2026-01-16,APH,0.1,0.054005317
2026-01-16,ORCL,0.1,0.05067268
2026-01-16,NVDA,0.1,0.04945065
2026-01-16,AMD,0.1,0.048118673
2026-01-16,SMCI,0.1,0.045641944
2026-01-20,MU,0.1,0.08408424
2026-01-20,ORCL,0.1,0.06699952
2026-01-20,AMD,0.1,0.065375045
2026-01-20,CSGP,0.1,0.06507158
2026-01-20,JCI,0.1,0.059411526
2026-01-20,IBKR,0.1,0.056406938
2026-01-20,TT,0.1,0.054438315
2026-01-20,TSLA,0.1,0.053881384
2026-01-20,TTD,0.1,0.05069541
2026-01-20,FIX,0.1,0.048375733
2026-01-21,VST,0.1,0.074264646
2026-01-21,NRG,0.1,0.06151613
2026-01-21,FSLR,0.1,0.05930735
2026-01-21,SWKS,0.1,0.053340062
2026-01-21,WRB,0.1,0.035638034
2026-01-21,ETN,0.1,0.035531864
2026-01-21,UNH,0.1,0.031214029
2026-01-21,AES,0.1,0.031177599
2026-01-21,LYV,0.1,0.030945588
2026-01-21,MPWR,0.1,0.030452073
2026-01-22,SMCI,0.1,0.058049314
2026-01-22,INTC,0.1,0.04717187
2026-01-22,FIX,0.1,0.044631768
2026-01-22,EME,0.1,0.04380059
2026-01-22,ANET,0.1,0.04246131
2026-01-22,TER,0.1,0.0417672
2026-01-22,LDOS,0.1,0.040069547
2026-01-22,ORCL,0.1,0.039827846
2026-01-22,PWR,0.1,0.038015626
2026-01-22,LRCX,0.1,0.03786124
2026-01-23,IBM,0.1,0.03357943
2026-01-23,NFLX,0.1,0.03214202
2026-01-23,APD,0.1,0.028443221
2026-01-23,BKR,0.1,0.027765155
2026-01-23,MOH,0.1,0.02705023
2026-01-23,O,0.1,0.026612751
2026-01-23,HII,0.1,0.026537336
2026-01-23,NKE,0.1,0.025632618
2026-01-23,EXPE,0.1,0.02405123
2026-01-23,VLO,0.1,0.024016753
2026-01-26,NKE,0.1,0.045556657
2026-01-26,EQIX,0.1,0.04524397
2026-01-26,VST,0.1,0.04447587
2026-01-26,ABT,0.1,0.043886196
2026-01-26,AES,0.1,0.04363837
2026-01-26,ARE,0.1,0.040897485
2026-01-26,TMUS,0.1,0.03909973
2026-01-26,SYK,0.1,0.037823197
2026-01-26,ES,0.1,0.03735929
2026-01-26,BSX,0.1,0.036882106
2026-01-27,SMCI,0.1,0.039630633
2026-01-27,CRM,0.1,0.03342371
2026-01-27,TMUS,0.1,0.025884377
2026-01-27,INTC,0.1,0.025210792
2026-01-27,IRM,0.1,0.02420817
2026-01-27,BA,0.1,0.02366065
2026-01-27,INCY,0.1,0.023018692
2026-01-27,A,0.1,0.02259242
2026-01-27,FDS,0.1,0.021836415
2026-01-27,PAYC,0.1,0.020882966
2026-01-28,NKE,0.1,0.04446687
2026-01-28,VST,0.1,0.042229254
2026-01-28,URI,0.1,0.03994131
2026-01-28,IBKR,0.1,0.03575351
2026-01-28,SW,0.1,0.035004813
2026-01-28,LW,0.1,0.034327865
2026-01-28,IRM,0.1,0.033397853
2026-01-28,GNRC,0.1,0.031868916
2026-01-28,BX,0.1,0.031167954
2026-01-28,ORCL,0.1,0.031142168
2026-01-29,ROP,0.1,0.0397197
2026-01-29,DG,0.1,0.036386214
2026-01-29,KHC,0.1,0.0340227
2026-01-29,BG,0.1,0.031480026
2026-01-29,LMT,0.1,0.031354707
2026-01-29,STZ,0.1,0.030993082
2026-01-29,ADM,0.1,0.030369118
2026-01-29,CHTR,0.1,0.03021048
2026-01-29,SLB,0.1,0.03019587
2026-01-29,DLTR,0.1,0.030100115
2026-01-30,APTV,0.1,0.04447422
2026-01-30,MOS,0.1,0.03758903
2026-01-30,ALB,0.1,0.029247865
2026-01-30,AMCR,0.1,0.027549356
2026-01-30,FCX,0.1,0.027158119
2026-01-30,NTAP,0.1,0.026836157
2026-01-30,CNC,0.1,0.025950741
2026-01-30,AWK,0.1,0.025478296
2026-01-30,FFIV,0.1,0.024677178
2026-01-30,STZ,0.1,0.024600402
2026-02-02,GNRC,0.1,0.0263463
2026-02-02,VLO,0.1,0.026058346
2026-02-02,EFX,0.1,0.025576327
2026-02-02,DRI,0.1,0.024662577
2026-02-02,KLAC,0.1,0.023949802
2026-02-02,ON,0.1,0.0231491
2026-02-02,NTAP,0.1,0.023134511
2026-02-02,SLB,0.1,0.023093611
2026-02-02,FISV,0.1,0.022674391
2026-02-02,URI,0.1,0.021372382
2026-02-03,AJG,0.1,0.040922534
2026-02-03,KHC,0.1,0.040210694
2026-02-03,NOC,0.1,0.029209893
2026-02-03,AON,0.1,0.027611706
2026-02-03,EXR,0.1,0.02659706
2026-02-03,BLDR,0.1,0.02557451
2026-02-03,LDOS,0.1,0.025571335
2026-02-03,ARE,0.1,0.025411258
2026-02-03,LMT,0.1,0.024719853
2026-02-03,GNRC,0.1,0.024573205
2026-02-04,ABT,0.1,0.041378774
2026-02-04,IRM,0.1,0.03749714
2026-02-04,LEN,0.1,0.03546863
2026-02-04,AXON,0.1,0.035106875
2026-02-04,TDY,0.1,0.033983357
2026-02-04,TECH,0.1,0.033691637
2026-02-04,RVTY,0.1,0.032935694
2026-02-04,BLDR,0.1,0.031692293
2026-02-04,HUM,0.1,0.029286273
2026-02-04,IR,0.1,0.028888192
2026-02-05,AZO,0.1,0.034005076
2026-02-05,SHW,0.1,0.029491752
2026-02-05,INTC,0.1,0.0279135
2026-02-05,CMS,0.1,0.027279075
2026-02-05,PPL,0.1,0.026752554
2026-02-05,CPB,0.1,0.026398517
2026-02-05,PTC,0.1,0.026306476
2026-02-05,DE,0.1,0.02616541
2026-02-05,SYK,0.1,0.025224406
2026-02-05,MAS,0.1,0.02423197
2026-02-06,PAYC,0.1,0.052692473
2026-02-06,AMD,0.1,0.04330784
2026-02-06,LEN,0.1,0.041903626
2026-02-06,KMB,0.1,0.03919172
2026-02-06,GNRC,0.1,0.03688064
2026-02-06,PG,0.1,0.035041213
2026-02-06,TAP,0.1,0.034171082
2026-02-06,ARE,0.1,0.033220425
2026-02-06,TTD,0.1,0.0327923
2026-02-06,WY,0.1,0.031581286
2026-02-09,UNH,0.1,0.03948754
2026-02-09,CVS,0.1,0.034614433
2026-02-09,RVTY,0.1,0.03300735
2026-02-09,AMD,0.1,0.032415893
2026-02-09,HUM,0.1,0.03160679
2026-02-09,TTD,0.1,0.026864044
2026-02-09,LYB,0.1,0.025082875
2026-02-09,DHI,0.1,0.02452289
2026-02-09,IRM,0.1,0.02444328
2026-02-09,ANET,0.1,0.024388347
2026-02-10,SWKS,0.1,0.062256902
2026-02-10,AXON,0.1,0.057447977
2026-02-10,APH,0.1,0.045104776
2026-02-10,RVTY,0.1,0.03716871
2026-02-10,KHC,0.1,0.036308356
2026-02-10,AMD,0.1,0.035458878
2026-02-10,ANET,0.1,0.035200246
2026-02-10,DVN,0.1,0.034546226
2026-02-10,CSGP,0.1,0.03341294
2026-02-10,CVNA,0.1,0.031070367
2026-02-11,NOW,0.1,0.08440765
2026-02-11,CSGP,0.1,0.072122395
2026-02-11,BSX,0.1,0.069990754
2026-02-11,LVS,0.1,0.059643358
2026-02-11,FSLR,0.1,0.056410287
2026-02-11,AMD,0.1,0.053238474
2026-02-11,WDAY,0.1,0.051484518
2026-02-11,TYL,0.1,0.049631633
2026-02-11,MSFT,0.1,0.04337915
2026-02-11,ADSK,0.1,0.03765443
2026-02-12,WDC,0.1,0.052671976
2026-02-12,KLAC,0.1,0.051391188
2026-02-12,TTWO,0.1,0.049760733
2026-02-12,AMD,0.1,0.049533345
2026-02-12,ANET,0.1,0.03666588
2026-02-12,APH,0.1,0.03349518
2026-02-12,STX,0.1,0.03297384
2026-02-12,CVNA,0.1,0.028468847
2026-02-12,MPWR,0.1,0.027363457
2026-02-12,PWR,0.1,0.025513167
2026-02-13,SMCI,0.1,0.06236472
2026-02-13,GNRC,0.1,0.03728817
2026-02-13,INTC,0.1,0.035269294
2026-02-13,IBKR,0.1,0.033419095
2026-02-13,EQT,0.1,0.032388896
2026-02-13,GILD,0.1,0.027644366
2026-02-13,ORCL,0.1,0.027552295
2026-02-13,CTRA,0.1,0.026154116
2026-02-13,KMI,0.1,0.025104698
2026-02-13,NWS,0.1,0.024505928
2026-02-17,PYPL,0.1,0.053609412
2026-02-17,CSGP,0.1,0.046100035
2026-02-17,ADSK,0.1,0.04051257
2026-02-17,IT,0.1,0.037853587
2026-02-17,IBM,0.1,0.03703639
2026-02-17,TDG,0.1,0.03529698
2026-02-17,ROP,0.1,0.032897778
2026-02-17,BSX,0.1,0.031637244
2026-02-17,EXPE,0.1,0.03136173
2026-02-17,META,0.1,0.029538382
2026-02-18,BSX,0.1,0.056719463
2026-02-18,META,0.1,0.040476732
2026-02-18,LW,0.1,0.036090232
2026-02-18,APH,0.1,0.03606969
2026-02-18,AMD,0.1,0.033417687
2026-02-18,MU,0.1,0.032834243
2026-02-18,ABBV,0.1,0.032449353
2026-02-18,EQT,0.1,0.0323472
2026-02-18,AVGO,0.1,0.030021649
2026-02-18,CHRW,0.1,0.029216565
2026-02-19,WDAY,0.1,0.059868038
2026-02-19,EL,0.1,0.050309073
2026-02-19,NOW,0.1,0.0461243
2026-02-19,DPZ,0.1,0.033747453
2026-02-19,MSFT,0.1,0.03078413
2026-02-19,CRM,0.1,0.027433716
2026-02-19,CHTR,0.1,0.02710934
2026-02-19,QCOM,0.1,0.026970007
2026-02-19,PANW,0.1,0.025812294
2026-02-19,MGM,0.1,0.02539035
2026-02-20,MOH,0.1,0.03912189
2026-02-20,PAYC,0.1,0.032104403
2026-02-20,AMZN,0.1,0.030828528
2026-02-20,HCA,0.1,0.030437559
2026-02-20,VRSN,0.1,0.027564377
2026-02-20,FSLR,0.1,0.027550485
2026-02-20,ADSK,0.1,0.02736476
2026-02-20,CSCO,0.1,0.02664271
2026-02-20,ANET,0.1,0.02534973
2026-02-20,DELL,0.1,0.02499236
2026-02-23,AJG,0.1,0.053141322
2026-02-23,WAT,0.1,0.050898664
2026-02-23,AON,0.1,0.047561537
2026-02-23,MRSH,0.1,0.036012083
2026-02-23,BRO,0.1,0.035917394
2026-02-23,WTW,0.1,0.035840973
2026-02-23,EQT,0.1,0.035840515
2026-02-23,CIEN,0.1,0.032840386
2026-02-23,ERIE,0.1,0.03236992
2026-02-23,PSKY,0.1,0.029455937
2026-02-24,LW,0.1,0.043410674
2026-02-24,XYL,0.1,0.03634096
2026-02-24,RJF,0.1,0.029775776
2026-02-24,MCO,0.1,0.026190173
2026-02-24,AMP,0.1,0.024283316
2026-02-24,PODD,0.1,0.023987263
2026-02-24,MSCI,0.1,0.023813345
2026-02-24,HBAN,0.1,0.02371279
2026-02-24,CINF,0.1,0.023373257
2026-02-24,EOG,0.1,0.022100043
2026-02-25,CBRE,0.1,0.05139405
2026-02-25,LW,0.1,0.050906353
2026-02-25,IBM,0.1,0.04194087
2026-02-25,GIS,0.1,0.02737455
2026-02-25,LDOS,0.1,0.027219273
2026-02-25,TYL,0.1,0.026189195
2026-02-25,ADSK,0.1,0.024968743
2026-02-25,BXP,0.1,0.024457213
2026-02-25,KHC,0.1,0.024193997
2026-02-25,GPC,0.1,0.024009798
2026-02-26,CHRW,0.1,0.046737142
2026-02-26,EXPD,0.1,0.04063589
2026-02-26,TER,0.1,0.029119201
2026-02-26,DELL,0.1,0.026409153
2026-02-26,J,0.1,0.025759852
2026-02-26,TT,0.1,0.025191562
2026-02-26,LW,0.1,0.02504329
2026-02-26,BAX,0.1,0.024710748
2026-02-26,MGM,0.1,0.024463307
2026-02-26,MPC,0.1,0.024301743
2026-02-27,APD,0.1,0.039403453
2026-02-27,STZ,0.1,0.03766816
2026-02-27,DVA,0.1,0.03617886
2026-02-27,NCLH,0.1,0.033226814
2026-02-27,STLD,0.1,0.0280567
2026-02-27,RCL,0.1,0.027557876
2026-02-27,BF-B,0.1,0.02584691
2026-02-27,LEN,0.1,0.024515338
2026-02-27,MAS,0.1,0.023951516
2026-02-27,CHTR,0.1,0.023812072
2026-03-02,GPC,0.1,0.049620748
2026-03-02,CPB,0.1,0.037063338
2026-03-02,PTC,0.1,0.030436512
2026-03-02,CDNS,0.1,0.02987403
2026-03-02,GIS,0.1,0.029770836
2026-03-02,ARES,0.1,0.029613163
2026-03-02,WAT,0.1,0.028089374
2026-03-02,LW,0.1,0.027656775
2026-03-02,BKNG,0.1,0.025971092
2026-03-02,CHTR,0.1,0.025343563
2026-03-03,PANW,0.1,0.04649385
2026-03-03,ERIE,0.1,0.028019816
2026-03-03,DVA,0.1,0.025982942
2026-03-03,CVS,0.1,0.025918577
2026-03-03,ZBRA,0.1,0.025837917
2026-03-03,ACGL,0.1,0.02564882
2026-03-03,IP,0.1,0.023661487
2026-03-03,UHS,0.1,0.023277193
2026-03-03,GL,0.1,0.022043608
2026-03-03,XYL,0.1,0.02146197
2026-03-04,EPAM,0.1,0.060525537
2026-03-04,HUM,0.1,0.04407071
2026-03-04,LEN,0.1,0.037797265
2026-03-04,ACN,0.1,0.033979386
2026-03-04,APTV,0.1,0.032257855
2026-03-04,BX,0.1,0.030256733
2026-03-04,WDAY,0.1,0.030098297
2026-03-04,ARES,0.1,0.030037157
2026-03-04,POOL,0.1,0.02958905
2026-03-04,IP,0.1,0.028916579
2026-03-05,VST,0.1,0.04490278
2026-03-05,AKAM,0.1,0.039118648
2026-03-05,ORCL,0.1,0.028547067
2026-03-05,BXP,0.1,0.026956856
2026-03-05,A,0.1,0.023716103
2026-03-05,ALGN,0.1,0.023230867
2026-03-05,CPRT,0.1,0.022284012
2026-03-05,BAX,0.1,0.021613486
2026-03-05,MCK,0.1,0.021301808
2026-03-05,IRM,0.1,0.020628901
2026-03-06,KKR,0.1,0.049657103
2026-03-06,ALGN,0.1,0.040784813
2026-03-06,GPN,0.1,0.03656339
2026-03-06,CDNS,0.1,0.035560366
2026-03-06,SW,0.1,0.03332325
2026-03-06,IP,0.1,0.033141077
2026-03-06,AVGO,0.1,0.032082785
2026-03-06,VST,0.1,0.030967958
2026-03-06,FIX,0.1,0.030807335
2026-03-06,IT,0.1,0.030223213
2026-03-09,NRG,0.1,0.0351353
2026-03-09,WAT,0.1,0.02656816
2026-03-09,TPL,0.1,0.025952477
2026-03-09,AKAM,0.1,0.02488933
2026-03-09,PODD,0.1,0.024386516
2026-03-09,AVGO,0.1,0.024103355
2026-03-09,ELV,0.1,0.023321584
2026-03-09,CIEN,0.1,0.023127835
2026-03-09,BSX,0.1,0.021559946
2026-03-09,MSCI,0.1,0.021361101
2026-03-10,BF-B,0.1,0.04696888
2026-03-10,GDDY,0.1,0.04653258
2026-03-10,OMC,0.1,0.036142662
2026-03-10,FSLR,0.1,0.03567437
2026-03-10,EL,0.1,0.034816403
2026-03-10,AMD,0.1,0.03296279
2026-03-10,LYV,0.1,0.030898884
2026-03-10,CSGP,0.1,0.024888862
2026-03-10,DE,0.1,0.024844702
2026-03-10,WYNN,0.1,0.024247967
2026-03-11,TTD,0.1,0.066492125
2026-03-11,UHS,0.1,0.051468167
2026-03-11,HUBB,0.1,0.046998806
2026-03-11,VST,0.1,0.03580775
2026-03-11,AMAT,0.1,0.035568237
2026-03-11,GNRC,0.1,0.034624383
2026-03-11,TMUS,0.1,0.032723904
2026-03-11,EL,0.1,0.02927212
2026-03-11,TPL,0.1,0.028081004
2026-03-11,EME,0.1,0.026135962
2026-03-12,MOH,0.1,0.1016502
2026-03-12,FSLR,0.1,0.061534166
2026-03-12,PAYC,0.1,0.04645183
2026-03-12,VRSK,0.1,0.042934705
2026-03-12,HUBB,0.1,0.04188382
2026-03-12,SJM,0.1,0.040181704
2026-03-12,BRO,0.1,0.03869902
2026-03-12,AKAM,0.1,0.036095046
2026-03-12,ED,0.1,0.03536971
2026-03-12,PODD,0.1,0.03523168
