signal,full_sharpe,full_se,full_nw_t,full_ann,full_maxdd,sel_sharpe,hold_sharpe,hold_nw_t,turnover,gross_sharpe,ic_mean
blend_rev_mom,0.735628339537884,0.493070939407518,1.7322664532086802,0.04972806951200304,-0.06868501449439213,0.9858878148847019,0.004125988538504795,0.006668856675838544,0.43975159458520247,0.9994753315934988,0.02800790699494927
ensemble,0.5794876787084832,0.49258644848598376,1.1828303909424494,0.04120036012485695,-0.11486073350367809,0.2879164782580672,1.4948375165163632,1.4865169259255284,0.8386738883930225,1.045548120380614,0.0033103240029215145
mom_12_1,0.5508396595113437,0.4925100030396988,1.354948254105994,0.04057582614838329,-0.1075701069217716,0.8820307566059008,-0.3556356322134038,-0.5513650751901439,0.17827901842463764,0.6465699111570294,0.025882165027624904
ens_plus_rev,-0.07231015109709889,0.4918054747748263,-0.15462579390866588,-0.009066225921484428,-0.16663325817246832,-0.03336261718638451,-0.1816340185753816,-0.20412264799429944,1.043226463758797,0.46563314245360843,0.008512441201353447
rev1w_vol,-1.0194307146431936,0.49424417038346713,-2.21387855430243,-0.0782134367256504,-0.31777318092300777,-0.5266626092440981,-2.7216179609220124,-3.3490529983259125,1.207713493384936,-0.36775339638318866,0.012320836398178157
rev1w,-1.0803890174250634,0.4945452231513281,-2.3386493062782043,-0.07320341514867179,-0.2941418721060256,-0.6587188684081077,-2.4189878444041715,-2.3832022453681447,0.923323801744889,-0.5190200015554595,0.011916146514087646
rev4w,-1.0996568075294901,0.4946439760172025,-2.060652401111543,-0.08032931070119975,-0.3338188090762886,-0.7846054986918153,-2.1081897434656587,-2.9163034339852274,0.4999390262869204,-0.8192154701350634,-0.0008360070258686157
lowvol,-1.1621262558198375,0.4949760093657014,-2.2514463734452783,-0.07605906527346407,-0.28856180581821644,-1.1826358680592568,-1.0950678609584892,-0.9903867281472271,0.27791213998274994,-0.9893283765973809,-0.0022311494358759594
blend_rev_lowvol,-1.513848701877999,0.4971821478304943,-2.843178814428988,-0.0995890148529498,-0.36170581883933983,-1.1126682749180477,-2.995477785482137,-3.136891365316997,0.6735697084375168,-1.1010651434585799,0.005833973172805172
